name,year,selling_price,km_driven,fuel,seller_type,transmission,owner,seats,max_power (in bph),Mileage,Engine (CC)
5,-0.04337134739788929,0.25705286061930444,2.2634069395952827,1,1,1,0,0.0,0.0009104518926064284,1.6188938557773387,0.30371224478074144
3,-1.2888720328325387,-0.8627766495296166,1.7562662169563694,1,1,1,0,0.0,1.008400337428803,1.2904943468027537,0.9384645768161666
3,0.8907541666780977,0.20728266016824126,-0.49160076987557094,3,1,1,0,0.0,0.495839858162263,-1.0575621423655366,0.08498002225502059
8,-0.9774968614738763,-0.24064914389132716,0.7419847716785426,1,1,1,0,0.0,-0.4335695612448787,1.7748836225402682,0.8012208293490476
1,-0.3547465187565516,-0.9872021506572745,2.9076127224068755,1,1,1,0,0.0,-0.3706014433988664,-1.1725019705066422,0.951331178141209
3,-0.6661216901152139,0.5059038628746202,-0.27229667359928406,1,1,1,2,0.0,1.008400337428803,1.2904943468027537,0.9384645768161666
3,0.5793789953194354,1.401767470993757,1.0161148920239012,1,1,1,0,0.0,0.9284308277643677,0.9128349114819789,0.9384645768161666
4,-0.9774968614738763,-1.1166046718300386,1.0161148920239012,1,1,1,2,0.0,-0.6224739147829156,-0.35150319807017694,1.217240938858752
5,-0.6661216901152139,1.0036058673852517,0.24855055505689722,1,1,1,0,0.0,0.9328385960135881,0.05899618814805572,0.30371224478074144
7,1.2021293380367601,0.5059038628746202,-0.7657308902209295,3,1,1,0,0.0,0.6186276879619871,-0.9262023387757021,0.09355775647171552
5,0.5793789953194354,0.8791803662575939,-0.49160076987557094,3,1,1,0,0.0,0.5739203242913179,-0.02310368909559198,0.08498002225502059
5,1.2021293380367601,2.2478608786618306,0.029246458780610357,3,0,1,0,0.0,1.8427278988884659,-0.638852768422941,1.2215298059670994
7,-0.9774968614738763,-0.6636958477253639,1.5643751327146183,1,1,1,0,0.0,0.9328385960135881,-0.25298334537780026,0.30371224478074144
3,-0.9774968614738763,-1.0369723511083377,1.2902450123692597,3,1,1,3,0.0,0.309454229338067,-0.8769424124295152,0.08498002225502059
3,-0.3547465187565516,0.13262735949164653,-0.08040558935753307,1,1,1,0,0.0,0.9303198712997481,-0.12983352951233165,0.9384645768161666
5,1.5135045093954225,1.2524568696405676,-0.9027959503936088,3,1,1,0,0.0,0.5739203242913179,-0.02310368909559198,0.08498002225502059
9,0.5793789953194354,0.7049846646788728,-0.6286658300482503,1,1,1,0,0.0,2.1729956769908005,0.46949557436628836,1.3759290218676083
5,1.2021293380367601,0.24709882052909177,-0.9027959503936088,3,1,0,0,0.0,-0.4398663730294796,-0.7537925965640436,-0.7685045323061254
9,0.8907541666780977,0.5059038628746202,0.46785465133318405,1,1,1,0,0.0,2.180866691721552,0.19035599173789028,1.3759290218676083
3,-0.9774968614738763,-0.8130064490785535,-0.08040558935753307,3,1,1,2,0.0,0.309454229338067,-0.8769424124295152,0.08498002225502059
5,-0.3547465187565516,0.25705286061930444,1.5643751327146183,1,1,1,2,0.0,0.0009104518926064284,1.208394469559106,0.30371224478074144
9,-0.3547465187565516,0.25705286061930444,2.9350257344414112,1,1,1,0,0.0,1.8647667401345698,-0.7291626333909517,1.804815732702355
1,0.26800382396077305,1.0533760678363149,0.7419847716785426,1,1,1,0,0.0,1.549296469726049,1.1016646291423664,1.3759290218676083
5,0.8907541666780977,0.43124358517798034,-1.451056191084326,3,0,1,0,0.0,-0.4373476483156387,1.3725942240464015,-0.7685045323061254
3,-0.6661216901152139,-0.5392703465977061,-0.9576219744626805,3,0,1,0,0.0,-0.3737498492911669,-1.3284917372695717,-0.3910842267715483
3,0.26800382396077305,-0.23567212384622083,-0.49160076987557094,3,0,1,2,0.0,-0.3737498492911669,-1.3284917372695717,-0.3910842267715483
5,-1.9116223755498634,-1.3853637542657797,0.13889850691875377,3,0,1,3,0.0,-1.7433064124419342,-1.4188016022375824,-1.6348556881923137
3,0.8907541666780977,1.6257333730235413,1.2902450123692597,1,1,1,0,0.0,0.9284308277643677,0.9128349114819789,0.9384645768161666
5,-1.600247204191201,-1.0618574513338692,0.3856156152295765,3,0,1,2,0.0,-0.43671796713717914,0.29708583215462997,-0.7685045323061254
5,1.5135045093954225,1.0782611680618466,-1.451056191084326,3,1,1,0,0.0,0.4920617710915021,-0.17909345585851852,0.08498002225502059
5,1.2021293380367601,1.0533760678363149,-0.7657308902209295,3,1,1,0,0.0,0.5739203242913179,-0.02310368909559198,0.08498002225502059
3,-0.3547465187565516,0.26700192368947195,0.16631151895328963,1,1,1,0,0.0,0.9303198712997481,0.3873956971226407,0.9384645768161666
5,1.8248796807540848,0.3814783617469623,-1.3688171549807184,3,1,1,0,0.0,-0.4373476483156387,0.1657260285647954,-0.7685045323061254
5,0.8907541666780977,0.9787207671597201,-0.6286658300482503,3,1,1,0,0.0,0.5764390490051587,-0.4746530139356456,0.08498002225502059
5,0.8907541666780977,0.20728266016824126,-0.7657308902209295,3,1,1,0,0.0,-0.4373476483156387,-0.7537925965640436,-0.7685045323061254
1,0.8907541666780977,2.2478608786618306,0.36201301186784113,1,1,1,0,0.0,1.5725946733290728,1.2904943468027537,1.3759290218676083
6,1.2021293380367601,-0.24064914389132716,-1.039861010566288,3,1,1,0,0.0,-0.4398663730294796,1.2987043345271196,-0.764215665197778
5,0.26800382396077305,-0.190878943440264,-0.6286658300482503,3,1,1,2,0.0,-0.4373476483156387,1.3725942240464015,-0.7685045323061254
5,-1.9116223755498634,-1.4600190549423744,0.05665947081514621,3,1,1,1,0.0,-1.7433064124419342,-1.4188016022375824,-1.6348556881923137
5,-0.6661216901152139,-0.2904193443423903,-1.059050118990463,3,0,1,0,0.0,0.4920617710915021,-0.17909345585851852,0.08498002225502059
7,1.2021293380367601,3.1188393865554356,-1.5058822151533977,1,0,0,0,0.0,2.1733105175800302,0.05899618814805572,1.3716401547592607
9,-0.9774968614738763,-0.48950014614664294,1.0161148920239012,1,1,1,2,0.0,1.8647667401345698,-0.7291626333909517,1.804815732702355
1,-0.9774968614738763,-1.186282952461527,1.5643751327146183,1,1,1,0,0.0,-0.3768982551834673,-1.1725019705066422,0.951331178141209
5,0.26800382396077305,0.580559163551215,-0.7218700709656721,3,1,1,0,0.0,0.4920617710915021,-0.8441024615320573,0.08498002225502059
5,0.26800382396077305,-0.04156834208707452,-0.35453570970289167,3,1,0,2,0.0,-0.4398663730294796,-0.7537925965640436,-0.7685045323061254
5,-1.2888720328325387,-0.8876617497551482,1.5643751327146183,1,1,1,0,0.0,-0.005386359891994443,-0.26940332082652924,0.30371224478074144
8,-1.2888720328325387,-0.48950014614664294,-0.08040558935753307,1,1,1,0,0.0,0.8320896074599688,0.0015262740775029149,0.8012208293490476
7,0.8907541666780977,0.456133662423557,0.7419847716785426,1,1,1,0,0.0,0.0009104518926064284,1.24944440818093,0.30371224478074144
5,0.5793789953194354,0.30681808405032246,-0.08040558935753307,3,1,1,2,0.0,0.5764390490051587,-0.4746530139356456,0.08498002225502059
7,1.5135045093954225,0.6054442637767465,-1.3414041429461825,3,1,1,0,0.0,0.6305916303527294,-0.9262023387757021,0.09355775647171552
5,0.8907541666780977,0.754754865129936,-0.35453570970289167,3,1,1,0,0.0,0.5764390490051587,-0.4746530139356456,0.08498002225502059
5,1.2021293380367601,0.10774225926611494,-0.7657308902209295,3,1,0,0,0.0,-0.4398663730294796,-0.7537925965640436,-0.7685045323061254
5,0.8907541666780977,0.754754865129936,-1.1769260707389673,3,1,1,0,0.0,0.4920617710915021,-0.17909345585851852,0.08498002225502059
5,1.2021293380367601,1.5013078718958832,-1.5113648175603047,3,1,0,0,0.0,0.4920617710915021,0.46949557436628836,0.08498002225502059
5,0.8907541666780977,0.5059038628746202,-1.1769260707389673,3,1,1,0,0.0,0.4920617710915021,-0.8441024615320573,0.08498002225502059
5,0.26800382396077305,-0.5392703465977061,-0.08040558935753307,3,1,1,0,0.0,-0.4373476483156387,-0.7537925965640436,-0.7685045323061254
5,1.2021293380367601,2.1483204777597043,-1.5881212512570053,3,1,0,0,0.0,0.5739203242913179,-0.02310368909559198,0.08498002225502059
5,-0.9774968614738763,-1.186282952461527,-1.039861010566288,3,1,1,2,0.0,-1.7433064124419342,-1.4188016022375824,-1.6348556881923137
3,1.8248796807540848,0.6253523439571718,-0.847969926324537,3,1,1,0,0.0,0.495839858162263,-1.0575621423655366,0.08498002225502059
5,0.26800382396077305,-0.7632362486274903,-0.6286658300482503,3,1,1,0,0.0,-1.680338294595922,1.0770346659692716,-1.6348556881923137
5,0.5793789953194354,-0.24064914389132716,2.1126353734053356,3,1,1,0,0.0,-0.4373476483156387,-0.7537925965640436,-0.7685045323061254
5,-1.2888720328325387,-0.7383511484019587,1.2902450123692597,1,1,1,2,0.0,-0.005386359891994443,-0.26940332082652924,0.30371224478074144
5,-0.3547465187565516,0.754754865129936,0.1937245309878255,1,1,1,0,0.0,0.0009104518926064284,1.6188938557773387,0.30371224478074144
3,-1.600247204191201,-0.9872021506572745,-0.27229667359928406,3,1,1,2,0.0,0.309454229338067,-0.8769424124295152,0.08498002225502059
5,-0.04337134739788929,0.5059038628746202,1.5643751327146183,1,1,1,2,0.0,0.0009104518926064284,1.6188938557773387,0.30371224478074144
5,0.26800382396077305,-0.24064914389132716,1.0161148920239012,3,1,1,0,0.0,0.5745500054697783,-0.8441024615320573,0.08498002225502059
3,0.8907541666780977,1.999009876406515,-0.6560788420827861,1,1,1,0,0.0,0.9284308277643677,0.9128349114819789,0.9384645768161666
5,-0.6661216901152139,-0.190878943440264,2.606069590026981,1,1,1,0,0.0,0.0009104518926064284,1.6188938557773387,0.30371224478074144
5,0.26800382396077305,0.6303293640022781,-1.1769260707389673,3,1,1,0,0.0,0.5764390490051587,-0.4746530139356456,0.08498002225502059
5,-0.04337134739788929,-0.11622364276366925,0.46785465133318405,3,1,1,0,0.0,0.4920617710915021,-0.8441024615320573,0.08498002225502059
3,0.26800382396077305,0.5059038628746202,0.1937245309878255,1,1,1,1,0.0,0.9284308277643677,0.9128349114819789,0.9384645768161666
7,-0.6661216901152139,-0.5392703465977061,-0.08040558935753307,1,1,1,0,0.0,0.9303198712997481,-0.33508322262144796,0.30371224478074144
5,-2.84574788962585,-1.435133954716843,-0.49160076987557094,3,1,1,2,0.0,-1.7433064124419342,-1.4188016022375824,-1.6348556881923137
5,0.5793789953194354,0.6054442637767465,-1.1769260707389673,3,1,1,0,0.0,0.4920617710915021,-0.8441024615320573,0.08498002225502059
5,1.5135045093954225,1.3768823707682254,-1.272871612859843,3,1,1,0,0.0,0.4920617710915021,-0.343293210345811,0.08498002225502059
5,-2.84574788962585,-1.5346743556189693,0.9985979773338328,3,1,1,2,0.0,-1.7433064124419342,-1.4188016022375824,-1.6348556881923137
7,1.2021293380367601,1.2275717694150359,-1.451056191084326,3,1,0,0,0.0,0.6305916303527294,-0.9262023387757021,0.09355775647171552
5,0.8907541666780977,0.05796708179500668,-0.4367747458064992,3,1,1,0,0.0,-0.4373476483156387,-0.7537925965640436,-0.7685045323061254
5,0.5793789953194354,1.2524568696405676,-0.35453570970289167,3,1,0,0,0.0,0.5739203242913179,-0.02310368909559198,0.08498002225502059
5,-0.04337134739788929,0.00820185836398863,-0.35453570970289167,3,1,1,0,0.0,0.4920617710915021,-0.8441024615320573,0.08498002225502059
5,0.8907541666780977,-0.23567212384622083,-0.7383178781863936,3,1,1,0,0.0,-0.4373476483156387,1.3725942240464015,-0.7685045323061254
5,-2.84574788962585,-1.5595594558445007,0.46785465133318405,3,1,1,1,0.0,-1.7433064124419342,-1.4188016022375824,-1.6348556881923137
1,-1.2888720328325387,-1.1365127520104639,0.7419847716785426,1,1,1,2,0.0,-0.3768982551834673,-1.1725019705066422,0.951331178141209
5,1.2021293380367601,1.0533760678363149,-0.29970968563381994,3,0,1,0,0.0,0.4920617710915021,0.46949557436628836,0.08498002225502059
6,1.2021293380367601,-0.04156834208707452,-1.3688171549807184,3,0,1,0,0.0,-1.3050483122336887,-0.5895928420767512,-1.6219890868672715
8,-0.3547465187565516,0.00820185836398863,0.1937245309878255,1,0,1,2,0.0,-0.43608828595871874,1.7748836225402682,0.8012208293490476
3,-1.600247204191201,-0.9125468499806797,-0.08040558935753307,3,0,1,0,0.0,0.309454229338067,-0.8769424124295152,0.08498002225502059
6,-0.04337134739788929,0.8542952660320623,-0.6286658300482503,1,0,1,0,0.0,0.6179980067835267,-0.8030525229102334,1.217240938858752
3,-1.2888720328325387,-1.2858233533636534,0.1937245309878255,3,1,1,1,0.0,0.309454229338067,-0.8769424124295152,0.08498002225502059
5,-0.3547465187565516,-0.8627766495296166,-0.12582895029875898,3,2,1,0,0.0,-0.43671796713717914,0.29708583215462997,-0.7685045323061254
5,1.5135045093954225,1.2524568696405676,-1.5710977707835585,3,2,0,0,0.0,0.4920617710915021,0.46949557436628836,0.08498002225502059
5,1.2021293380367601,1.0036058673852517,0.1876662553281931,3,0,0,0,0.0,0.4920617710915021,0.46949557436628836,0.08498002225502059
3,-1.2888720328325387,-1.2360531529125902,1.1805929642311164,3,1,1,3,0.0,0.309454229338067,-0.8769424124295152,0.08498002225502059
5,-0.6661216901152139,-0.48950014614664294,1.0161148920239012,1,1,1,2,0.0,0.9328385960135881,0.05899618814805572,0.30371224478074144
5,0.5793789953194354,-0.7881213488530219,-0.35453570970289167,3,1,1,0,0.0,-1.680338294595922,1.0770346659692716,-1.6348556881923137
5,1.8248796807540848,0.05796708179500668,-0.7657308902209295,0,1,1,0,0.0,-0.7735973976133446,-0.4500230507625536,0.08069115514667312
5,-1.2888720328325387,-1.2360531529125902,0.46785465133318405,3,1,1,0,0.0,-0.4335695612448787,-0.4171830998650928,-0.7685045323061254
3,-0.3547465187565516,-0.8926387698002545,-0.35453570970289167,3,1,1,2,0.0,-1.1828901636124245,-0.26940332082652924,-1.5576560802420594
3,0.8907541666780977,2.745562883172462,-0.49160076987557094,1,1,1,0,0.0,0.9265417842289873,-0.039523664544320936,0.9384645768161666
5,-1.2888720328325387,-1.186282952461527,0.46785465133318405,3,1,1,2,0.0,-1.7433064124419342,-1.4188016022375824,-1.6348556881923137
8,-0.3547465187565516,0.25705286061930444,0.11148549488421793,1,1,1,0,0.0,-0.4335695612448787,1.7748836225402682,0.8012208293490476
5,-0.3547465187565516,0.6552144642278096,1.5643751327146183,1,1,1,2,0.0,0.0009104518926064284,1.6188938557773387,0.30371224478074144
9,0.26800382396077305,0.6054442637767465,1.2902450123692597,1,1,1,2,0.0,0.9328385960135881,-1.0575621423655366,1.3759290218676083
4,-0.9774968614738763,-0.8378965263241301,2.9350257344414112,1,1,1,2,0.0,-0.6224739147829156,-0.35150319807017694,1.217240938858752
5,-0.04337134739788929,-0.3899597452445166,-0.35453570970289167,3,1,1,0,0.0,-0.4373476483156387,1.3725942240464015,-0.7685045323061254
1,0.26800382396077305,-0.5293163065074934,0.1937245309878255,1,1,1,0,0.0,-0.3737498492911669,-1.1725019705066422,0.951331178141209
5,-0.04337134739788929,-0.06645344231260611,-1.039861010566288,3,1,1,0,0.0,-0.4373476483156387,1.3725942240464015,-0.7685045323061254
5,1.5135045093954225,1.3768823707682254,-1.451056191084326,3,1,1,0,0.0,0.4920617710915021,-0.17909345585851852,0.08498002225502059
1,1.2021293380367601,2.745562883172462,-0.9027959503936088,1,1,1,0,0.0,1.5725946733290728,1.2904943468027537,1.3759290218676083
3,0.26800382396077305,1.0533760678363149,-0.35453570970289167,1,1,1,2,0.0,0.9284308277643677,-0.1955134313072475,0.9384645768161666
3,-0.6661216901152139,0.6303293640022781,1.5643751327146183,1,1,1,0,0.0,0.9284308277643677,0.9128349114819789,0.9384645768161666
5,0.26800382396077305,0.18239258292266458,-0.35453570970289167,3,1,1,2,0.0,0.5745500054697783,-0.8441024615320573,0.08498002225502059
1,-0.3547465187565516,-0.48950014614664294,-0.08040558935753307,1,1,1,2,0.0,1.008400337428803,1.7009937330209863,1.3759290218676083
3,-1.9116223755498634,-0.8378965263241301,-0.35453570970289167,3,1,1,0,0.0,-0.3737498492911669,-1.3284917372695717,-0.3910842267715483
3,1.2021293380367601,0.5059038628746202,-0.08040558935753307,3,1,1,0,0.0,0.495839858162263,-1.0575621423655366,0.08498002225502059
5,-0.04337134739788929,-0.7383511484019587,-1.039861010566288,3,1,1,0,0.0,-1.680338294595922,1.0770346659692716,-1.6348556881923137
9,-0.9774968614738763,-0.7383511484019587,0.1937245309878255,1,1,1,2,0.0,1.8647667401345698,-0.7291626333909517,1.804815732702355
8,-0.3547465187565516,0.05796708179500668,-0.49160076987557094,1,1,1,0,0.0,-0.43608828595871874,1.7748836225402682,0.8012208293490476
5,0.5793789953194354,-0.6388107474998324,-0.35453570970289167,3,1,1,0,0.0,-1.680338294595922,1.0770346659692716,-1.6348556881923137
5,-0.9774968614738763,-1.1613978522359956,0.7419847716785426,3,1,1,0,0.0,-0.4335695612448787,-0.4171830998650928,-0.7685045323061254
3,-0.3547465187565516,-1.0867425515594007,-0.08040558935753307,3,1,1,0,0.0,-1.1828901636124245,-0.26940332082652924,-1.5576560802420594
5,-1.600247204191201,-1.3604786540402483,-0.08040558935753307,3,1,1,3,0.0,-1.7433064124419342,-1.4188016022375824,-1.6348556881923137
9,-0.6661216901152139,0.25705286061930444,0.7419847716785426,1,1,1,0,0.0,1.8647667401345698,-0.7291626333909517,1.804815732702355
5,-0.9774968614738763,-0.9374319502062113,-0.46418775784103505,3,1,1,0,0.0,-0.4335695612448787,-0.4171830998650928,-0.7685045323061254
3,0.8907541666780977,-0.3899597452445166,-1.3139911309116465,3,1,1,2,0.0,-1.1828901636124245,-0.26940332082652924,-1.5576560802420594
5,-1.600247204191201,-1.3355935538147166,0.1937245309878255,3,1,1,2,0.0,-1.7433064124419342,-1.4188016022375824,-1.6348556881923137
1,-0.3547465187565516,-0.9872021506572745,0.1937245309878255,1,1,1,2,0.0,-0.4398663730294796,-1.4352215776863113,0.951331178141209
5,0.26800382396077305,-0.8080294290334471,-0.08040558935753307,3,1,1,0,0.0,-1.680338294595922,1.0770346659692716,-1.6348556881923137
5,0.26800382396077305,-0.04156834208707452,-0.6286658300482503,3,1,1,0,0.0,-0.4373476483156387,-0.7537925965640436,-0.7685045323061254
3,0.8907541666780977,-0.48950014614664294,-1.451056191084326,3,1,1,0,0.0,-1.1828901636124245,-0.26940332082652924,-1.5576560802420594
3,1.5135045093954225,0.33668518134100545,-1.039861010566288,3,1,0,1,0.0,-0.3768982551834673,-0.9262023387757021,-0.3910842267715483
1,-0.04337134739788929,0.43124358517798034,-0.24488366156474822,1,0,1,0,0.0,1.5725946733290728,1.2904943468027537,1.3759290218676083
3,-0.9774968614738763,-0.8876617497551482,1.5643751327146183,1,1,1,2,0.0,1.008400337428803,1.2904943468027537,0.9384645768161666
1,-0.3547465187565516,-0.7632362486274903,0.1937245309878255,1,1,1,2,0.0,-0.3706014433988664,-1.1725019705066422,0.951331178141209
3,-0.6661216901152139,-0.9374319502062113,0.35820260319504066,3,1,1,1,0.0,0.309454229338067,-0.8769424124295152,0.08498002225502059
5,1.8248796807540848,1.6506184732490727,-1.6840667933778808,3,1,1,0,0.0,0.4920617710915021,-0.17909345585851852,0.08498002225502059
5,0.26800382396077305,0.00820185836398863,-0.6286658300482503,3,1,1,0,0.0,-0.4373476483156387,-0.7537925965640436,-0.7685045323061254
3,0.26800382396077305,-0.5890405470487693,-0.08040558935753307,3,1,1,2,0.0,-1.1828901636124245,-0.26940332082652924,-1.5576560802420594
9,0.8907541666780977,1.5013078718958832,-0.6038296411449607,1,0,1,0,0.0,2.180866691721552,0.19035599173789028,1.3759290218676083
3,-0.6661216901152139,-0.6388107474998324,-0.5257299698585681,3,0,1,2,0.0,-1.1828901636124245,-0.26940332082652924,-1.5576560802420594
5,0.26800382396077305,0.5059038628746202,2.4017329983215507,3,0,1,0,0.0,0.4920617710915021,0.46949557436628836,0.08498002225502059
3,-0.9774968614738763,-0.9872021506572745,0.46785465133318405,3,1,1,0,0.0,-0.3737498492911669,-1.3284917372695717,-0.3910842267715483
6,0.5793789953194354,-0.24064914389132716,-1.039861010566288,3,1,1,0,0.0,-0.4398663730294796,1.2987043345271196,-0.764215665197778
5,-0.3547465187565516,-0.9872021506572745,-1.067274022600824,3,1,1,0,0.0,-1.680338294595922,1.0770346659692716,-1.6348556881923137
1,-0.6661216901152139,-0.48950014614664294,0.1937245309878255,1,1,1,2,0.0,-0.3768982551834673,-1.1725019705066422,0.951331178141209
3,-1.9116223755498634,-1.310708453589185,0.46785465133318405,3,1,1,2,0.0,-0.3737498492911669,-1.3284917372695717,-0.3910842267715483
5,-0.9774968614738763,-0.48950014614664294,0.1937245309878255,1,1,1,2,0.0,0.0009104518926064284,1.208394469559106,0.30371224478074144
5,-0.04337134739788929,0.10774225926611494,0.46785465133318405,1,1,1,0,0.0,0.0009104518926064284,1.6188938557773387,0.30371224478074144
3,0.26800382396077305,-0.8130064490785535,-0.35453570970289167,3,1,1,0,0.0,-1.1828901636124245,-0.26940332082652924,-1.5576560802420594
1,0.5793789953194354,1.2524568696405676,1.7014401928872978,1,1,1,0,0.0,1.549296469726049,1.1016646291423664,1.3759290218676083
5,0.5793789953194354,-0.24064914389132716,0.46785465133318405,3,1,1,0,0.0,-0.4373476483156387,-0.7537925965640436,-0.7685045323061254
3,-1.2888720328325387,-0.6388107474998324,0.7419847716785426,1,1,1,3,0.0,1.008400337428803,1.2904943468027537,0.9384645768161666
7,0.8907541666780977,0.25705286061930444,-0.35453570970289167,1,1,1,0,0.0,0.0009104518926064284,1.24944440818093,0.30371224478074144
3,-1.9116223755498634,-0.6139256472743008,0.9612888679548295,3,1,1,3,0.0,0.309454229338067,-0.8769424124295152,0.08498002225502059
5,-0.6661216901152139,-0.9125468499806797,0.7419847716785426,3,1,1,3,0.0,-1.7433064124419342,-1.4188016022375824,-1.6348556881923137
5,1.5135045093954225,1.277341969866099,-1.039861010566288,3,1,1,0,0.0,0.4920617710915021,-0.17909345585851852,0.08498002225502059
1,1.5135045093954225,1.999009876406515,-0.9027959503936088,1,1,1,3,0.0,1.5725946733290728,1.2904943468027537,1.3759290218676083
9,-0.9774968614738763,-0.48950014614664294,0.24855055505689722,1,1,1,2,0.0,1.8647667401345698,-0.7291626333909517,1.804815732702355
5,0.26800382396077305,-0.3899597452445166,-0.35453570970289167,3,1,1,2,0.0,-0.4373476483156387,-0.7537925965640436,-0.7685045323061254
3,-1.2888720328325387,-0.9374319502062113,-1.1769260707389673,3,1,1,0,0.0,-0.3737498492911669,-1.3284917372695717,-0.3910842267715483
6,0.5793789953194354,-0.48950014614664294,-0.35453570970289167,3,1,1,0,0.0,-0.4398663730294796,1.2987043345271196,-0.764215665197778
3,0.26800382396077305,-0.5392703465977061,-1.2591651068425749,3,1,1,0,0.0,-1.1828901636124245,-0.26940332082652924,-1.5576560802420594
5,0.5793789953194354,-0.016683241861542946,-0.35453570970289167,3,1,1,0,0.0,-0.4373476483156387,1.3725942240464015,-0.7685045323061254
3,-0.04337134739788929,-1.012087250882806,0.05665947081514621,3,1,1,2,0.0,-1.1828901636124245,-0.26940332082652924,-1.5576560802420594
3,0.26800382396077305,1.575963172572478,-0.35453570970289167,1,1,1,0,0.0,0.9284308277643677,0.9128349114819789,0.9384645768161666
3,-0.6661216901152139,-0.3153044445679219,1.9755703132326563,1,1,1,0,0.0,0.9303198712997481,0.3873956971226407,0.9384645768161666
5,-0.04337134739788929,-0.48950014614664294,-0.7657308902209295,3,1,1,0,0.0,-0.4373476483156387,1.3725942240464015,-0.7685045323061254
7,-0.3547465187565516,-0.5890405470487693,0.46785465133318405,1,1,1,0,0.0,0.9303198712997481,-0.33508322262144796,0.30371224478074144
3,1.2021293380367601,0.5059038628746202,-1.451056191084326,3,1,1,0,0.0,0.495839858162263,-1.0575621423655366,0.08498002225502059
6,0.8907541666780977,-0.48950014614664294,-0.7657308902209295,3,1,1,0,0.0,-0.4398663730294796,1.2987043345271196,-0.764215665197778
9,-0.04337134739788929,-0.24064914389132716,-0.08040558935753307,1,1,1,2,0.0,0.9328385960135881,-1.0575621423655366,1.3759290218676083
5,0.26800382396077305,0.25705286061930444,-0.9027959503936088,3,1,1,0,0.0,0.4920617710915021,-0.8441024615320573,0.08498002225502059
3,-0.9774968614738763,-1.0867425515594007,0.46785465133318405,3,1,1,2,0.0,-1.1828901636124245,-0.26940332082652924,-1.5576560802420594
3,-0.3547465187565516,-0.9872021506572745,0.46785465133318405,3,1,1,2,0.0,-1.1828901636124245,-0.26940332082652924,-1.5576560802420594
5,-2.84574788962585,-1.5595594558445007,2.386765493750694,3,1,1,2,0.0,-1.7433064124419342,-1.4188016022375824,-1.6348556881923137
9,-1.2888720328325387,-0.6139256472743008,0.46785465133318405,1,1,1,1,0.0,-0.005386359891994443,0.5269654884368412,0.09355775647171552
3,-0.6661216901152139,-0.3849827251994103,1.0161148920239012,1,1,1,2,0.0,1.008400337428803,1.2904943468027537,0.9384645768161666
7,-0.6661216901152139,-0.7383511484019587,-0.6286658300482503,1,1,1,0,0.0,0.0009104518926064284,0.7157952060972286,0.30371224478074144
5,-1.2888720328325387,-1.1613978522359956,-0.9027959503936088,3,1,1,3,0.0,-1.7433064124419342,-1.4188016022375824,-1.6348556881923137
5,-0.3547465187565516,0.1575124597171781,0.6323327235403993,1,1,1,2,0.0,0.0009104518926064284,1.208394469559106,0.30371224478074144
6,1.2021293380367601,0.00820185836398863,-0.08040558935753307,3,1,1,0,0.0,-0.4398663730294796,1.2987043345271196,-0.764215665197778
5,0.26800382396077305,0.1575124597171781,-1.5881212512570053,3,1,1,0,0.0,-0.4373476483156387,-0.7537925965640436,-0.7685045323061254
5,0.8907541666780977,0.8692263261673813,-0.9027959503936088,3,1,1,0,0.0,0.4920617710915021,-0.8441024615320573,0.08498002225502059
3,0.26800382396077305,-0.9374319502062113,-0.6286658300482503,3,1,1,0,0.0,-1.1828901636124245,-0.26940332082652924,-1.5576560802420594
7,1.5135045093954225,0.754754865129936,-1.3139911309116465,3,1,1,0,0.0,0.6305916303527294,-0.9262023387757021,0.09355775647171552
5,-1.9116223755498634,-1.5097892553934376,1.5643751327146183,3,1,1,0,0.0,-1.7433064124419342,-1.4188016022375824,-1.6348556881923137
3,-0.6661216901152139,-0.7682132686725966,-0.6834918541173219,3,1,1,0,0.0,-1.1828901636124245,-0.26940332082652924,-1.5576560802420594
5,-0.3547465187565516,-0.7383511484019587,0.7419847716785426,3,1,1,2,0.0,-0.4373476483156387,-0.7537925965640436,-0.7685045323061254
5,0.5793789953194354,1.3022270700916307,-0.08040558935753307,3,1,1,0,0.0,0.5739203242913179,-0.02310368909559198,0.08498002225502059
5,-0.6661216901152139,-0.5890405470487693,2.5528883466799814,1,1,1,0,0.0,-0.002867635178154452,1.4546941012900463,0.30371224478074144
5,0.8907541666780977,0.6303293640022781,0.1937245309878255,3,1,1,0,0.0,0.5764390490051587,-0.4746530139356456,0.08498002225502059
5,0.26800382396077305,-0.7831443288079155,-1.3139911309116465,3,1,1,0,0.0,-1.680338294595922,1.0770346659692716,-1.6348556881923137
5,0.26800382396077305,-0.8130064490785535,-1.1769260707389673,3,1,1,0,0.0,-1.680338294595922,1.0770346659692716,-1.6348556881923137
1,0.26800382396077305,1.0782611680618466,0.46785465133318405,1,1,1,0,0.0,1.549296469726049,1.1016646291423664,1.3759290218676083
4,-0.04337134739788929,-0.24064914389132716,1.2902450123692597,1,1,1,2,0.0,-0.6224739147829156,-0.5157029525574695,1.217240938858752
5,-0.04337134739788929,-0.24064914389132716,-0.7657308902209295,3,1,1,0,0.0,-0.4373476483156387,-0.7537925965640436,-0.7685045323061254
5,-0.04337134739788929,-0.09133854253813768,-0.7657308902209295,3,1,1,0,0.0,-0.4373476483156387,-0.7537925965640436,-0.7685045323061254
3,0.26800382396077305,-0.190878943440264,-1.1769260707389673,3,1,1,0,0.0,-0.3737498492911669,-1.3284917372695717,-0.3910842267715483
3,0.5793789953194354,0.13262735949164653,-1.3139911309116465,3,1,1,0,0.0,-0.3737498492911669,-1.3284917372695717,-0.3910842267715483
5,-1.600247204191201,-1.3853637542657797,-0.13523161342660478,3,1,1,0,0.0,-1.7433064124419342,-1.4188016022375824,-1.6348556881923137
3,0.26800382396077305,-0.962322027451788,-0.5464267939446427,3,1,1,2,0.0,-0.3737498492911669,-0.9262023387757021,-0.7685045323061254
3,-0.9774968614738763,-1.186282952461527,-0.16264462546114064,3,1,1,0,0.0,-1.1828901636124245,-0.26940332082652924,-1.5576560802420594
7,-1.2888720328325387,-1.2360531529125902,1.5643751327146183,1,1,1,2,0.0,0.9328385960135881,-0.25298334537780026,0.30371224478074144
5,0.26800382396077305,-0.24064914389132716,-1.039861010566288,3,1,1,0,0.0,-0.4373476483156387,1.3725942240464015,-0.7685045323061254
1,-1.2888720328325387,-1.0867425515594007,1.2902450123692597,1,1,1,2,0.0,-0.3768982551834673,-1.1725019705066422,0.951331178141209
3,-1.2888720328325387,-0.6388107474998324,1.0161148920239012,1,1,1,1,0.0,1.008400337428803,0.3873956971226407,0.9384645768161666
1,-0.9774968614738763,-1.0369723511083377,0.7419847716785426,1,1,1,2,0.0,-0.3768982551834673,-1.1725019705066422,0.951331178141209
8,-0.3547465187565516,0.05796708179500668,0.7419847716785426,1,1,1,0,0.0,-0.4373476483156387,1.7748836225402682,0.8012208293490476
3,0.26800382396077305,-0.6388107474998324,-0.5464267939446427,3,1,1,0,0.0,-1.1828901636124245,-0.26940332082652924,-1.5576560802420594
7,0.8907541666780977,-0.5890405470487693,0.46785465133318405,1,1,1,0,0.0,0.0009104518926064284,1.24944440818093,0.30371224478074144
7,-0.6661216901152139,-1.3355935538147166,-0.08040558935753307,1,1,1,0,0.0,0.0009104518926064284,0.7157952060972286,0.30371224478074144
3,-0.04337134739788929,-0.6885809479508955,-1.2058467984354027,3,1,1,0,0.0,-1.1828901636124245,-0.26940332082652924,-1.5576560802420594
3,-0.6661216901152139,-0.3899597452445166,1.2306217111941442,1,1,1,2,0.0,1.008400337428803,0.3873956971226407,0.9384645768161666
5,1.8248796807540848,-0.14110874298920084,-1.3139911309116465,3,1,1,0,0.0,-1.680338294595922,0.5105455129881122,-1.6348556881923137
3,1.2021293380367601,1.750158874151199,-0.9027959503936088,1,1,1,0,0.0,0.9303198712997481,-0.1955134313072475,0.9384645768161666
3,1.5135045093954225,0.25705286061930444,-1.451056191084326,3,1,1,0,0.0,-0.3768982551834673,-0.9262023387757021,-0.3910842267715483
5,-0.3547465187565516,-0.9921791707023808,-0.08040558935753307,3,1,1,2,0.0,-0.4335695612448787,-1.0083022160193498,-0.7685045323061254
3,0.5793789953194354,0.7049846646788728,0.46785465133318405,1,1,1,3,0.0,0.9284308277643677,-0.1955134313072475,0.9384645768161666
5,-0.9774968614738763,-0.7383511484019587,0.6049197115058633,1,1,1,2,0.0,0.9328385960135881,0.05899618814805572,0.30371224478074144
3,1.5135045093954225,2.9944138854277775,-1.3139911309116465,1,1,1,0,0.0,0.9265417842289873,0.5515954516099361,0.9384645768161666
5,-0.6661216901152139,0.08285715904058337,1.235418988300188,1,1,1,0,0.0,0.0009104518926064284,1.6188938557773387,0.30371224478074144
1,-0.9774968614738763,-1.1116276517849324,0.752949976492357,1,1,1,0,0.0,-0.3768982551834673,-1.1725019705066422,0.951331178141209
5,1.5135045093954225,1.3768823707682254,-1.5881212512570053,3,1,1,0,0.0,0.4920617710915021,-0.17909345585851852,0.08498002225502059
6,0.5793789953194354,0.6800995644533412,-0.35453570970289167,1,1,1,0,0.0,0.6179980067835267,-1.279231810923382,1.217240938858752
3,0.8907541666780977,2.2478608786618306,0.006932266984498168,1,1,1,0,0.0,0.9284308277643677,0.9128349114819789,0.9384645768161666
5,1.5135045093954225,1.3768823707682254,-1.5881212512570053,3,1,0,0,0.0,0.5739203242913179,-0.02310368909559198,0.08498002225502059
5,-1.2888720328325387,-1.2360531529125902,0.7831042897303464,3,1,1,0,0.0,-1.7433064124419342,-1.4188016022375824,-1.6348556881923137
9,-0.6661216901152139,-0.24064914389132716,-0.6286658300482503,1,1,1,0,0.0,1.8647667401345698,-0.7291626333909517,1.804815732702355
5,-0.6661216901152139,-0.48950014614664294,0.1937245309878255,1,1,1,0,0.0,-0.002867635178154452,1.4546941012900463,0.30371224478074144
0,-0.3547465187565516,-0.48950014614664294,0.05665947081514621,1,1,1,0,0.0,0.18351799364604243,0.5515954516099361,0.30371224478074144
3,0.26800382396077305,1.2524568696405676,1.0161148920239012,1,1,1,0,0.0,0.9284308277643677,0.9128349114819789,0.9384645768161666
3,0.26800382396077305,1.2524568696405676,0.46785465133318405,1,1,1,0,0.0,0.9284308277643677,0.9128349114819789,0.9384645768161666
9,-0.3547465187565516,-0.24064914389132716,0.46785465133318405,1,1,1,3,0.0,-0.005386359891994443,0.5269654884368412,0.09355775647171552
5,-0.3547465187565516,-0.7881213488530219,-0.08040558935753307,3,1,1,0,0.0,-0.4335695612448787,-0.4171830998650928,-0.7685045323061254
5,-0.3547465187565516,-0.24064914389132716,-0.6286658300482503,3,1,1,0,0.0,-0.4373476483156387,-0.7537925965640436,-0.7685045323061254
1,-0.6661216901152139,0.13262735949164653,0.5125926869735465,1,0,1,0,0.0,-0.3768982551834673,-1.1725019705066422,0.951331178141209
1,-0.04337134739788929,1.750158874151199,1.0573440621238432,1,0,1,0,0.0,0.9983254385734414,1.0441947150718136,1.3759290218676083
1,-0.3547465187565516,1.0036058673852517,1.7159965022776362,1,0,1,2,0.0,1.549296469726049,1.1016646291423664,1.3759290218676083
7,1.2021293380367601,2.745562883172462,-0.6286658300482503,1,1,0,0,0.0,2.1733105175800302,0.05899618814805572,1.3716401547592607
5,-0.3547465187565516,0.05796708179500668,1.0161148920239012,1,1,1,3,0.0,-0.002867635178154452,1.4546941012900463,0.30371224478074144
5,0.8907541666780977,0.13262735949164653,-0.6286658300482503,3,1,1,2,0.0,-0.4373476483156387,1.3725942240464015,-0.7685045323061254
3,-0.3547465187565516,-0.43972994569557977,0.1937245309878255,3,1,1,0,0.0,-0.3737498492911669,-1.3284917372695717,-0.3910842267715483
9,-0.9774968614738763,-0.051522382177287156,0.46785465133318405,1,1,1,2,0.0,-0.005386359891994443,0.5269654884368412,0.09355775647171552
5,-1.600247204191201,-1.3853637542657797,0.7419847716785426,3,1,1,0,0.0,-1.7433064124419342,-1.4188016022375824,-1.6348556881923137
5,0.26800382396077305,-0.6388107474998324,-0.27229667359928406,3,1,1,2,0.0,-1.680338294595922,1.0770346659692716,-1.6348556881923137
5,1.5135045093954225,1.0036058673852517,-1.451056191084326,3,1,0,0,0.0,0.4920617710915021,-0.17909345585851852,0.08498002225502059
5,-0.3547465187565516,-0.9125468499806797,-1.039861010566288,3,1,1,0,0.0,-0.4335695612448787,-0.4171830998650928,-0.7685045323061254
5,1.2021293380367601,1.9741247761809833,-0.579898081638811,3,0,1,0,0.0,0.4920617710915021,-0.17909345585851852,0.08498002225502059
5,1.2021293380367601,1.750158874151199,-1.3139911309116465,3,0,1,0,0.0,0.4920617710915021,0.46949557436628836,0.08498002225502059
5,0.5793789953194354,0.00820185836398863,-0.7657308902209295,3,1,0,0,0.0,-0.4373476483156387,1.3725942240464015,-0.7685045323061254
0,0.26800382396077305,0.4063634619724939,0.46785465133318405,1,1,1,2,0.0,0.0009104518926064284,0.5515954516099361,0.30371224478074144
5,-2.84574788962585,-1.5346743556189693,-0.6286658300482503,3,1,1,2,0.0,-1.7433064124419342,-1.4188016022375824,-1.6348556881923137
5,-2.84574788962585,-1.5844445560700324,-0.6286658300482503,3,1,1,2,0.0,-1.7433064124419342,-1.4188016022375824,-1.6348556881923137
5,0.26800382396077305,-0.24064914389132716,0.7419847716785426,1,1,1,0,0.0,-0.002867635178154452,1.4546941012900463,0.30371224478074144
4,-0.6661216901152139,-0.24064914389132716,-1.039861010566288,1,1,1,0,0.0,-0.5658026087215042,-0.32687323489708203,1.217240938858752
5,0.5793789953194354,-0.2904193443423903,-0.6286658300482503,3,1,1,0,0.0,-0.4373476483156387,-0.7537925965640436,-0.7685045323061254
3,-0.04337134739788929,-0.48950014614664294,0.05665947081514621,3,1,1,0,0.0,0.309454229338067,-0.8769424124295152,0.08498002225502059
5,-0.04337134739788929,-0.962322027451788,-1.3139911309116465,3,1,1,2,0.0,-1.680338294595922,1.0770346659692716,-1.6348556881923137
4,-0.6661216901152139,-0.7134710251964722,0.1937245309878255,1,1,1,2,0.0,-0.5658026087215042,-0.5157029525574695,1.217240938858752
3,0.8907541666780977,-0.5890405470487693,-0.35453570970289167,3,1,1,2,0.0,-1.1828901636124245,-0.26940332082652924,-1.5576560802420594
3,-0.9774968614738763,-0.8627766495296166,0.46785465133318405,3,1,1,2,0.0,-0.3737498492911669,-1.3284917372695717,-0.3910842267715483
4,-0.6661216901152139,-0.6885809479508955,0.1937245309878255,1,1,1,2,0.0,-0.5658026087215042,-0.32687323489708203,1.217240938858752
1,-0.6661216901152139,-0.5890405470487693,-0.08040558935753307,1,1,1,0,0.0,-0.3768982551834673,-1.1725019705066422,0.951331178141209
4,-0.04337134739788929,-0.24064914389132716,1.1805929642311164,1,1,1,2,0.0,-0.5658026087215042,-0.5157029525574695,1.217240938858752
5,-0.3547465187565516,-0.7383511484019587,-0.9850349864972163,3,1,1,0,0.0,-0.4335695612448787,-0.4171830998650928,-0.7685045323061254
5,-2.2229975469085255,-1.5097892553934376,0.1937245309878255,3,1,1,2,0.0,-1.7433064124419342,-1.4188016022375824,-1.6348556881923137
5,0.8907541666780977,1.0533760678363149,-1.3139911309116465,3,1,1,0,0.0,0.4920617710915021,0.46949557436628836,0.08498002225502059
5,0.26800382396077305,0.5606510833707896,-0.9027959503936088,3,1,1,0,0.0,0.5764390490051587,-0.4746530139356456,0.08498002225502059
6,-0.3547465187565516,0.18239258292266458,1.5643751327146183,1,1,1,0,0.0,0.680966124629539,0.17393601628916133,1.217240938858752
1,-1.2888720328325387,-0.9374319502062113,1.0161148920239012,1,1,1,2,0.0,-0.3768982551834673,-1.1725019705066422,0.951331178141209
6,0.8907541666780977,-0.5392703465977061,-0.35453570970289167,3,1,1,0,0.0,-0.4398663730294796,1.2987043345271196,-0.764215665197778
5,-2.534372718267188,-1.484904155167906,-0.6286658300482503,3,1,1,0,0.0,-1.7433064124419342,-1.4188016022375824,-1.6348556881923137
5,1.5135045093954225,0.25705286061930444,-1.451056191084326,0,1,1,0,0.0,-0.7735973976133446,0.4202356480201015,0.08069115514667312
5,-0.04337134739788929,-0.23567212384622083,0.7173130608474604,1,1,1,2,0.0,-0.002867635178154452,1.4546941012900463,0.30371224478074144
3,0.26800382396077305,-0.8627766495296166,1.5643751327146183,3,1,1,2,0.0,-1.1828901636124245,-0.26940332082652924,-1.5576560802420594
5,-0.9774968614738763,-1.2858233533636534,-0.35453570970289167,3,1,1,3,0.0,-0.4335695612448787,-0.4171830998650928,-0.7685045323061254
5,0.8907541666780977,-0.14110874298920084,2.1126353734053356,0,1,1,0,0.0,-0.7735973976133446,0.4202356480201015,0.08069115514667312
3,0.26800382396077305,0.5059038628746202,1.7288532049218335,1,1,1,0,0.0,0.9284308277643677,-0.1955134313072475,0.9384645768161666
3,1.5135045093954225,0.8542952660320623,-1.3139911309116465,3,1,1,0,0.0,0.495839858162263,-1.0575621423655366,0.08498002225502059
5,-1.600247204191201,-1.3853637542657797,1.5643751327146183,3,1,1,0,0.0,-1.7433064124419342,-1.4188016022375824,-1.6348556881923137
5,-1.600247204191201,-1.0867425515594007,0.6049197115058633,1,1,1,3,0.0,-0.005386359891994443,-0.26940332082652924,0.30371224478074144
3,-1.600247204191201,-0.2904193443423903,-0.6286658300482503,1,1,1,0,0.0,1.008400337428803,1.2904943468027537,0.9384645768161666
5,0.8907541666780977,0.00820185836398863,0.05665947081514621,3,1,1,2,0.0,-0.4373476483156387,-0.7537925965640436,-0.7685045323061254
5,-2.84574788962585,-1.5097892553934376,0.1937245309878255,3,1,1,3,0.0,-1.7433064124419342,-1.4188016022375824,-1.6348556881923137
5,1.5135045093954225,0.4063634619724939,-1.039861010566288,3,1,1,0,0.0,0.4920617710915021,-0.7455826088396806,0.08498002225502059
7,-0.6661216901152139,-0.48950014614664294,-0.6286658300482503,1,1,1,0,0.0,-0.25096201949144276,1.7584636470915391,0.9384645768161666
5,-1.2888720328325387,-0.8876617497551482,-1.1769260707389673,3,1,1,0,0.0,0.7439342424755513,-0.26940332082652924,0.08498002225502059
5,-0.04337134739788929,0.25705286061930444,0.46785465133318405,1,1,1,0,0.0,0.0009104518926064284,1.6188938557773387,0.30371224478074144
3,1.2021293380367601,1.999009876406515,-0.9027959503936088,1,1,1,0,0.0,0.9303198712997481,-0.1955134313072475,0.9384645768161666
9,-0.9774968614738763,-0.11622364276366925,0.16631151895328963,1,1,1,2,0.0,1.8647667401345698,-0.7291626333909517,1.804815732702355
6,-0.6661216901152139,-0.48950014614664294,1.0161148920239012,1,1,1,3,0.0,-0.6841826702720074,1.3561742485976696,1.217240938858752
7,-0.6661216901152139,-1.2360531529125902,1.2902450123692597,1,1,1,0,0.0,0.0009104518926064284,0.7157952060972286,0.30371224478074144
1,0.26800382396077305,1.0036058673852517,0.7419847716785426,1,1,1,0,0.0,1.549296469726049,1.1016646291423664,1.3759290218676083
1,-0.9774968614738763,-0.962322027451788,1.0161148920239012,1,1,1,2,0.0,-0.3768982551834673,-1.1725019705066422,0.951331178141209
5,1.5135045093954225,1.0533760678363149,-1.451056191084326,3,1,0,0,0.0,0.4920617710915021,-0.17909345585851852,0.08498002225502059
5,-0.04337134739788929,0.5556690863056383,1.2902450123692597,1,1,1,0,0.0,0.0009104518926064284,1.6188938557773387,0.30371224478074144
5,-0.04337134739788929,0.5606510833707896,1.0161148920239012,1,1,1,0,0.0,0.0009104518926064284,1.6188938557773387,0.30371224478074144
3,-0.04337134739788929,0.26202988066441074,0.7693977837130785,1,1,1,0,0.0,0.9284308277643677,0.9128349114819789,0.9384645768161666
3,-1.600247204191201,-1.1365127520104639,1.0161148920239012,3,1,1,0,0.0,0.309454229338067,-0.8769424124295152,0.08498002225502059
5,-0.3547465187565516,0.25705286061930444,1.5643751327146183,1,1,1,2,0.0,0.0009104518926064284,1.6188938557773387,0.30371224478074144
5,0.5793789953194354,-0.46461504592111136,-0.08040558935753307,3,1,1,2,0.0,-1.680338294595922,1.0770346659692716,-1.6348556881923137
0,0.5793789953194354,-0.7383511484019587,-0.08040558935753307,1,1,1,2,0.0,0.0009104518926064284,0.5515954516099361,0.30371224478074144
1,-0.6661216901152139,-0.9872021506572745,1.1394734461793126,1,1,1,2,0.0,-0.3768982551834673,-1.1725019705066422,0.951331178141209
5,-0.04337134739788929,0.5556690863056383,1.0161148920239012,1,1,1,2,0.0,0.0009104518926064284,1.208394469559106,0.30371224478074144
5,-0.04337134739788929,-0.8130064490785535,-0.35453570970289167,3,1,1,0,0.0,-1.680338294595922,1.0770346659692716,-1.6348556881923137
5,1.5135045093954225,0.928950566708657,-1.451056191084326,3,1,1,0,0.0,0.4920617710915021,-0.17909345585851852,0.08498002225502059
5,1.5135045093954225,0.25705286061930444,-0.08040558935753307,0,1,1,0,0.0,-0.7735973976133446,0.4202356480201015,0.08069115514667312
3,-0.3547465187565516,-0.365074645018985,0.1937245309878255,1,1,1,3,0.0,0.9303198712997481,0.3873956971226407,0.9384645768161666
9,-0.9774968614738763,-0.6885809479508955,1.5643751327146183,1,1,1,3,0.0,1.8647667401345698,-0.7291626333909517,1.804815732702355
5,-1.600247204191201,-1.3355935538147166,0.46785465133318405,3,1,1,3,0.0,-1.7433064124419342,-1.4188016022375824,-1.6348556881923137
3,-0.04337134739788929,-0.6139256472743008,-0.27229667359928406,3,1,1,0,0.0,0.309454229338067,-0.8769424124295152,0.08498002225502059
9,-0.3547465187565516,-0.3401895447934535,1.0161148920239012,1,1,1,3,0.0,1.8647667401345698,-0.7291626333909517,1.804815732702355
3,-0.04337134739788929,-0.7383511484019587,-0.08040558935753307,3,1,1,0,0.0,-1.1828901636124245,-0.26940332082652924,-1.5576560802420594
3,-1.2888720328325387,-1.1613978522359956,0.46785465133318405,3,1,1,3,0.0,0.309454229338067,-0.8769424124295152,0.08498002225502059
7,0.8907541666780977,0.6303293640022781,-1.1845194750725339,3,0,0,0,0.0,0.6305916303527294,-0.9262023387757021,0.09355775647171552
3,0.8907541666780977,1.3768823707682254,-1.0269494818980216,1,0,1,0,0.0,1.008400337428803,0.3873956971226407,0.9384645768161666
5,0.5793789953194354,0.00820185836398863,0.3138209367111271,3,0,1,0,0.0,-0.43671796713717914,0.29708583215462997,-0.7685045323061254
1,0.8907541666780977,2.2478608786618306,0.028753024563988712,1,0,1,0,0.0,0.9983254385734414,1.0441947150718136,1.3759290218676083
3,-0.6661216901152139,-0.6388107474998324,-0.1900576374956765,3,1,1,0,0.0,0.309454229338067,-0.8769424124295152,0.08498002225502059
3,1.5135045093954225,0.18239258292266458,-1.1906325767562354,3,0,1,0,0.0,-0.37249048693424686,-0.9262023387757021,-0.3910842267715483
3,0.5793789953194354,0.8791803662575939,-0.27229667359928406,1,0,1,0,0.0,0.9284308277643677,0.9128349114819789,0.9384645768161666
3,0.8907541666780977,1.0036058673852517,-1.5881212512570053,3,1,1,0,0.0,0.495839858162263,-1.0575621423655366,0.08498002225502059
8,-0.3547465187565516,-0.6388107474998324,-0.2892927410606963,1,0,1,0,0.0,-0.4373476483156387,1.7748836225402682,0.8012208293490476
5,0.8907541666780977,0.456133662423557,-0.1558736114886103,3,0,0,0,0.0,0.4920617710915021,-0.4418130630381877,0.08498002225502059
5,-1.2888720328325387,-1.3604786540402483,1.5643751327146183,3,1,1,3,0.0,-1.7433064124419342,-1.4188016022375824,-1.6348556881923137
5,0.26800382396077305,-0.3153044445679219,-0.9027959503936088,3,1,1,0,0.0,-0.4373476483156387,-0.7537925965640436,-0.7685045323061254
9,-0.6661216901152139,-0.8378965263241301,0.1937245309878255,1,1,1,1,0.0,-0.005386359891994443,0.5269654884368412,0.09355775647171552
3,0.8907541666780977,1.655595493294179,-0.6286658300482503,1,1,1,0,0.0,0.9284308277643677,0.9128349114819789,0.9384645768161666
3,-0.04337134739788929,-0.8876617497551482,-0.35453570970289167,3,1,1,3,0.0,-1.1828901636124245,-0.26940332082652924,-1.5576560802420594
1,-0.3547465187565516,-0.7881213488530219,1.0161148920239012,1,1,1,0,0.0,-0.3706014433988664,-1.1725019705066422,0.951331178141209
3,-1.2888720328325387,-0.9125468499806797,1.5643751327146183,1,1,1,3,0.0,1.008400337428803,1.2904943468027537,0.9384645768161666
5,-0.6661216901152139,0.00820185836398863,0.7419847716785426,1,1,1,2,0.0,0.0009104518926064284,1.208394469559106,0.30371224478074144
3,1.5135045093954225,2.2478608786618306,-1.451056191084326,1,1,1,0,0.0,0.9303198712997481,0.9128349114819789,0.9384645768161666
5,-0.6661216901152139,-0.7383511484019587,0.7419847716785426,3,1,1,0,0.0,-0.4335695612448787,-0.4171830998650928,-0.7685045323061254
3,0.5793789953194354,1.2574338896856738,-0.5649854030920234,1,0,1,0,0.0,0.9303198712997481,-0.1955134313072475,0.9384645768161666
5,1.2021293380367601,0.4063634619724939,-1.1666461912260164,3,0,1,0,0.0,0.4920617710915021,-0.4418130630381877,0.08498002225502059
1,-0.3547465187565516,0.3814783617469623,-0.4093617337719634,1,0,1,2,0.0,1.5725946733290728,0.2231959426353482,1.3759290218676083
5,0.8907541666780977,0.6054442637767465,-0.9348143484499467,1,0,1,0,0.0,0.0009104518926064284,1.6188938557773387,0.30371224478074144
3,-1.600247204191201,-0.8378965263241301,-0.35453570970289167,3,1,1,2,0.0,-0.3737498492911669,-1.3284917372695717,-0.3910842267715483
5,-0.9774968614738763,-0.7383511484019587,-0.08040558935753307,1,1,1,2,0.0,-0.005386359891994443,-0.26940332082652924,0.30371224478074144
1,-1.2888720328325387,-1.2659152731832282,-0.35453570970289167,1,1,1,2,0.0,-0.3768982551834673,-1.1725019705066422,0.951331178141209
0,-0.04337134739788929,-0.6885809479508955,-0.6834918541173219,1,1,1,0,0.0,0.0009104518926064284,0.5515954516099361,0.30371224478074144
8,0.26800382396077305,0.3814783617469623,1.5643751327146183,1,1,1,0,0.0,-0.43671796713717914,1.7748836225402682,0.8012208293490476
1,-0.9774968614738763,-0.4795461060564303,1.0983539281275088,1,1,1,3,0.0,-0.3768982551834673,-1.1725019705066422,0.951331178141209
7,0.8907541666780977,2.347396302543912,0.1937245309878255,1,1,1,0,0.0,2.1733105175800302,0.05899618814805572,1.3716401547592607
3,1.2021293380367601,2.2478608786618306,-0.08040558935753307,1,1,1,0,0.0,0.9303198712997481,0.9128349114819789,0.9384645768161666
5,-2.534372718267188,-1.186282952461527,0.7419847716785426,3,1,1,0,0.0,-1.7433064124419342,-1.4188016022375824,-1.6348556881923137
3,0.26800382396077305,-0.43972994569557977,-0.35453570970289167,3,1,1,0,0.0,-0.3737498492911669,-1.3284917372695717,-0.3910842267715483
5,0.26800382396077305,0.03308695858952021,0.13889850691875377,3,1,1,2,0.0,0.4920617710915021,-0.8441024615320573,0.08498002225502059
3,-2.2229975469085255,-1.310708453589185,1.0161148920239012,3,1,1,2,0.0,-0.3737498492911669,-1.3284917372695717,-0.3910842267715483
5,1.2021293380367601,0.00820185836398863,-1.245458600825307,3,1,1,0,0.0,-0.4373476483156387,-0.7537925965640436,-0.7685045323061254
5,0.5793789953194354,-0.24064914389132716,-1.039861010566288,3,1,1,0,0.0,-0.4373476483156387,-0.7537925965640436,-0.7685045323061254
5,-0.6661216901152139,-1.0618574513338692,-0.08040558935753307,3,1,1,2,0.0,-1.7433064124419342,-1.4188016022375824,-1.6348556881923137
9,-0.3547465187565516,0.754754865129936,-0.6834918541173219,1,1,1,0,0.0,-0.005386359891994443,0.5269654884368412,0.09355775647171552
5,1.2021293380367601,1.1280313685129095,-1.451056191084326,3,1,1,0,0.0,0.5739203242913179,-0.02310368909559198,0.08498002225502059
3,-0.6661216901152139,-0.5392703465977061,1.0161148920239012,1,1,1,2,0.0,1.008400337428803,0.3873956971226407,0.9384645768161666
5,0.26800382396077305,-0.5890405470487693,-0.9576219744626805,3,1,1,2,0.0,-1.680338294595922,1.0770346659692716,-1.6348556881923137
6,0.8907541666780977,1.2524568696405676,1.5643751327146183,1,1,1,0,0.0,0.6179980067835267,-1.279231810923382,1.217240938858752
5,-0.04337134739788929,1.2524568696405676,-0.35453570970289167,1,1,1,0,0.0,0.0009104518926064284,1.6188938557773387,0.30371224478074144
5,0.26800382396077305,1.2524568696405676,-1.0124479985317523,3,1,1,0,0.0,1.0776652670594162,-0.5731728666280222,0.8398206333241749
5,1.5135045093954225,1.5013078718958832,-1.1769260707389673,3,1,0,0,0.0,0.4920617710915021,0.46949557436628836,0.08498002225502059
6,0.5793789953194354,0.580559163551215,-0.6286658300482503,1,1,1,0,0.0,0.6179980067835267,-1.279231810923382,1.217240938858752
5,1.8248796807540848,1.1529164687384412,-1.5881212512570053,3,1,1,0,0.0,0.4920617710915021,-0.343293210345811,0.08498002225502059
5,0.5793789953194354,-0.48950014614664294,-0.6286658300482503,3,1,1,0,0.0,-1.680338294595922,1.0770346659692716,-1.6348556881923137
5,-2.84574788962585,-1.5346743556189693,1.0161148920239012,3,1,1,1,0.0,-1.7433064124419342,-1.4188016022375824,-1.6348556881923137
3,1.5135045093954225,0.754754865129936,-1.5963177418553314,3,2,1,0,0.0,0.495839858162263,-0.5978028298011171,0.08498002225502059
5,0.5793789953194354,1.0036058673852517,-1.5399565891123257,3,2,1,0,0.0,0.4920617710915021,-0.343293210345811,0.08498002225502059
5,-0.04337134739788929,-0.9872021506572745,-0.5359824363594845,3,0,1,2,0.0,-1.680338294595922,1.0770346659692716,-1.6348556881923137
5,-0.04337134739788929,0.13262735949164653,-0.35453570970289167,1,1,1,2,0.0,0.9284308277643677,0.29708583215462997,0.30371224478074144
5,1.2021293380367601,0.8791803662575939,-1.1769260707389673,3,1,1,0,0.0,0.5739203242913179,-0.02310368909559198,0.08498002225502059
1,0.26800382396077305,1.0036058673852517,0.0018334467460744983,1,1,1,0,0.0,1.549296469726049,1.1016646291423664,1.3759290218676083
6,1.2021293380367601,-0.24064914389132716,-0.9027959503936088,3,1,1,0,0.0,-0.4398663730294796,1.2987043345271196,-0.764215665197778
5,0.8907541666780977,0.00820185836398863,-1.377041058591079,3,1,1,0,0.0,-0.4373476483156387,-0.7537925965640436,-0.7685045323061254
7,1.2021293380367601,1.5013078718958832,-0.7657308902209295,1,1,1,0,0.0,2.1733105175800302,0.05899618814805572,1.3716401547592607
3,-1.9116223755498634,-1.1613978522359956,0.7419847716785426,3,1,1,0,0.0,-0.3737498492911669,-1.3284917372695717,-0.3910842267715483
5,-2.84574788962585,-1.0867425515594007,-0.3694758012617137,3,1,1,0,0.0,-1.7433064124419342,-1.4188016022375824,-1.6348556881923137
3,0.5793789953194354,-0.8876617497551482,1.0161148920239012,3,1,1,0,0.0,-1.1828901636124245,-0.26940332082652924,-1.5576560802420594
7,-0.3547465187565516,-1.3853637542657797,1.5643751327146183,1,1,1,0,0.0,0.0009104518926064284,0.7157952060972286,0.30371224478074144
0,-0.3547465187565516,0.10774225926611494,-0.4418461530328884,1,1,1,2,0.0,0.18351799364604243,0.5515954516099361,0.30371224478074144
3,0.26800382396077305,-0.7383511484019587,0.46785465133318405,3,1,1,0,0.0,-1.1828901636124245,-0.26940332082652924,-1.5576560802420594
5,-0.04337134739788929,-0.39991378533472927,0.46785465133318405,3,1,1,0,0.0,-0.43608828595871874,-0.7537925965640436,-0.7685045323061254
3,1.2021293380367601,0.4063634619724939,-0.6286658300482503,3,1,1,0,0.0,0.495839858162263,-1.0575621423655366,0.08498002225502059
5,0.26800382396077305,-0.3401895447934535,0.1937245309878255,3,1,1,3,0.0,-0.4373476483156387,1.3725942240464015,-0.7685045323061254
5,-0.04337134739788929,-0.7383511484019587,-0.6286658300482503,3,1,1,0,0.0,-1.680338294595922,1.0770346659692716,-1.6348556881923137
3,0.5793789953194354,1.2524568696405676,-0.9027959503936088,1,1,1,0,0.0,0.9284308277643677,0.9128349114819789,0.9384645768161666
1,-0.9774968614738763,-0.9872021506572745,0.46785465133318405,1,1,1,2,0.0,-0.3768982551834673,-1.1725019705066422,0.951331178141209
2,-1.9116223755498634,-0.7383511484019587,-0.08040558935753307,3,1,0,3,0.0,2.1733105175800302,-1.1725019705066422,0.693999151640361
5,1.2021293380367601,0.8045250655809991,-1.1769260707389673,3,1,1,0,0.0,0.5739203242913179,-0.02310368909559198,0.08498002225502059
5,0.5793789953194354,0.5059038628746202,-0.9027959503936088,3,1,1,0,0.0,0.5764390490051587,-0.4746530139356456,0.08498002225502059
5,0.26800382396077305,0.18239258292266458,-1.039861010566288,3,1,1,2,0.0,0.5764390490051587,-0.4746530139356456,0.08498002225502059
3,1.8248796807540848,1.3768823707682254,-1.5881212512570053,3,1,0,0,0.0,0.495839858162263,-0.5978028298011171,0.08498002225502059
3,-1.600247204191201,-1.1365127520104639,0.7419847716785426,3,1,1,2,0.0,0.309454229338067,-0.8769424124295152,0.08498002225502059
5,-0.9774968614738763,-0.6388107474998324,0.7145717596440068,1,1,1,2,0.0,-0.005386359891994443,-0.26940332082652924,0.30371224478074144
5,-0.3547465187565516,0.4063634619724939,0.46785465133318405,1,1,1,0,0.0,0.0009104518926064284,1.6188938557773387,0.30371224478074144
3,0.5793789953194354,1.5013078718958832,-0.6286658300482503,1,1,1,0,0.0,0.9284308277643677,0.9128349114819789,0.9384645768161666
9,0.5793789953194354,2.9944138854277775,-0.08040558935753307,1,1,0,0,0.0,2.1796073293646314,0.592645390231757,1.3759290218676083
3,-0.6661216901152139,-1.1365127520104639,-0.6286658300482503,3,1,1,0,0.0,-1.1828901636124245,-0.26940332082652924,-1.5576560802420594
5,0.5793789953194354,-0.6885809479508955,0.05665947081514621,3,1,1,2,0.0,-1.680338294595922,1.0770346659692716,-1.6348556881923137
8,-0.04337134739788929,0.00820185836398863,1.5643751327146183,1,1,1,2,0.0,-0.4373476483156387,1.7748836225402682,0.8012208293490476
7,0.8907541666780977,2.1483204777597043,-0.7657308902209295,1,1,1,0,0.0,2.1733105175800302,0.05899618814805572,1.3716401547592607
1,0.8907541666780977,2.2478608786618306,-0.08040558935753307,1,1,1,0,0.0,1.549296469726049,1.1016646291423664,1.3759290218676083
5,0.8907541666780977,1.2524568696405676,0.1937245309878255,3,1,1,0,0.0,0.5764390490051587,-0.4746530139356456,0.08498002225502059
5,1.5135045093954225,0.6303293640022781,-1.1769260707389673,3,1,0,0,0.0,0.4920617710915021,-0.4418130630381877,0.08498002225502059
3,0.26800382396077305,1.0036058673852517,1.235418988300188,1,1,1,0,0.0,0.9284308277643677,-0.1955134313072475,0.9384645768161666
5,1.5135045093954225,0.5059038628746202,-1.3139911309116465,3,1,1,0,0.0,0.4920617710915021,-0.17909345585851852,0.08498002225502059
5,0.26800382396077305,0.05796708179500668,-1.218045588790771,3,1,1,0,0.0,-0.4373476483156387,-0.7537925965640436,-0.7685045323061254
3,-0.3547465187565516,-1.0369723511083377,0.1937245309878255,3,1,1,0,0.0,-1.1828901636124245,-0.26940332082652924,-1.5576560802420594
1,-0.9774968614738763,-0.8627766495296166,0.1937245309878255,1,1,1,0,0.0,-0.3768982551834673,-1.1725019705066422,0.951331178141209
3,-0.9774968614738763,-0.24064914389132716,0.7419847716785426,1,1,1,3,0.0,1.008400337428803,1.2904943468027537,0.9384645768161666
5,-0.04337134739788929,-0.7881213488530219,-0.35453570970289167,3,1,1,0,0.0,-1.680338294595922,1.0770346659692716,-1.6348556881923137
7,1.5135045093954225,1.2524568696405676,-1.3139911309116465,1,1,1,0,0.0,0.0009104518926064284,1.24944440818093,0.30371224478074144
5,-0.9774968614738763,-0.9374319502062113,-0.7657308902209295,3,1,1,2,0.0,-0.4335695612448787,-0.4171830998650928,-0.7685045323061254
5,-1.9116223755498634,-1.435133954716843,0.46785465133318405,3,1,1,2,0.0,-1.7433064124419342,-1.4188016022375824,-1.6348556881923137
7,0.8907541666780977,1.3271121703171622,-1.039861010566288,1,1,1,0,0.0,2.1733105175800302,0.05899618814805572,1.3716401547592607
9,0.8907541666780977,0.7796399653554675,-0.29970968563381994,1,1,1,0,0.0,2.180866691721552,0.19035599173789028,1.3759290218676083
9,0.8907541666780977,0.8045250655809991,-0.29970968563381994,1,1,1,0,0.0,2.180866691721552,0.19035599173789028,1.3759290218676083
3,-0.9774968614738763,-0.24064914389132716,1.4684295905937428,1,1,1,0,0.0,1.008400337428803,1.2904943468027537,0.9384645768161666
3,1.5135045093954225,0.6303293640022781,1.0161148920239012,3,1,1,0,0.0,0.495839858162263,-1.0575621423655366,0.08498002225502059
8,0.5793789953194354,0.8542952660320623,2.2497004335780146,1,1,1,2,0.0,-0.43671796713717914,1.7748836225402682,0.8012208293490476
1,-0.9774968614738763,-0.8627766495296166,0.7419847716785426,1,1,1,2,0.0,-0.3768982551834673,-1.1725019705066422,0.951331178141209
3,1.5135045093954225,0.9538356669341885,0.7419847716785426,3,1,1,0,0.0,0.495839858162263,-1.0575621423655366,0.08498002225502059
5,-0.3547465187565516,0.6054442637767465,-0.13523161342660478,1,1,1,0,0.0,0.0009104518926064284,1.6188938557773387,0.30371224478074144
3,-0.3547465187565516,-0.9872021506572745,-0.6286658300482503,3,1,1,0,0.0,-1.1828901636124245,-0.26940332082652924,-1.5576560802420594
5,-0.04337134739788929,-0.365074645018985,0.7419847716785426,1,1,1,2,0.0,-0.002867635178154452,1.4546941012900463,0.30371224478074144
5,0.26800382396077305,-0.24064914389132716,-0.35453570970289167,3,1,1,2,0.0,-0.4373476483156387,-0.7537925965640436,-0.7685045323061254
3,-0.9774968614738763,-0.3899597452445166,0.1937245309878255,1,1,1,2,0.0,1.008400337428803,0.3873956971226407,0.9384645768161666
1,-0.04337134739788929,-0.24064914389132716,1.3786793891926725,1,0,1,0,0.0,-0.4398663730294796,-1.4352215776863113,0.951331178141209
1,-0.3547465187565516,-0.43972994569557977,0.7419847716785426,1,1,1,2,0.0,-0.3706014433988664,-1.1725019705066422,0.951331178141209
6,-0.04337134739788929,0.8045250655809991,1.8933312771290487,1,1,1,2,0.0,2.17016211168773,-1.4023816267888536,1.217240938858752
5,-0.3547465187565516,0.3565932615214307,1.5643751327146183,1,1,1,3,0.0,0.0009104518926064284,1.208394469559106,0.30371224478074144
5,1.2021293380367601,0.754754865129936,-1.5881212512570053,3,1,1,0,0.0,0.4920617710915021,0.46949557436628836,0.08498002225502059
5,0.8907541666780977,0.5059038628746202,-0.5464267939446427,3,1,1,0,0.0,0.5764390490051587,-0.4746530139356456,0.08498002225502059
5,0.26800382396077305,-0.8876617497551482,-0.6286658300482503,3,1,1,2,0.0,-1.680338294595922,1.0770346659692716,-1.6348556881923137
5,-0.9774968614738763,-1.1365127520104639,0.1937245309878255,3,1,1,3,0.0,-1.7433064124419342,-1.4188016022375824,-1.6348556881923137
5,0.5793789953194354,0.33170816129589914,-1.1769260707389673,3,1,1,0,0.0,-0.4373476483156387,-0.7537925965640436,-0.7685045323061254
5,-0.6661216901152139,-0.6885809479508955,-1.263825318888446,3,1,1,0,0.0,-0.4335695612448787,-1.0083022160193498,-0.7685045323061254
6,0.8907541666780977,-0.365074645018985,-0.6834918541173219,3,1,1,0,0.0,-0.4398663730294796,1.2987043345271196,-0.764215665197778
3,0.5793789953194354,-0.2904193443423903,-0.9027959503936088,3,1,1,0,0.0,-1.1828901636124245,-0.26940332082652924,-1.5576560802420594
7,-0.6661216901152139,-0.6935579679960019,-0.7657308902209295,1,1,1,0,0.0,-0.313930137337455,1.3151243099758485,0.9384645768161666
7,-1.2888720328325387,-0.9374319502062113,1.5643751327146183,1,1,1,0,0.0,0.9328385960135881,-0.25298334537780026,0.30371224478074144
7,-0.6661216901152139,-0.8876617497551482,0.7419847716785426,1,1,1,0,0.0,-0.313930137337455,1.3151243099758485,0.9384645768161666
7,-0.6661216901152139,-0.7582592285823839,-0.7657308902209295,1,1,1,2,0.0,-0.313930137337455,1.3151243099758485,0.9384645768161666
5,0.5793789953194354,0.754754865129936,-1.1769260707389673,3,1,1,0,0.0,0.4920617710915021,-0.8441024615320573,0.08498002225502059
5,1.2021293380367601,0.1575124597171781,-1.2704318547887692,3,2,1,0,0.0,-0.4373476483156387,-0.7537925965640436,-0.7685045323061254
5,0.8907541666780977,0.8542952660320623,-1.0324046712928943,3,2,1,0,0.0,0.4920617710915021,-0.343293210345811,0.08498002225502059
3,0.8907541666780977,1.750158874151199,-0.6286658300482503,1,1,1,2,0.0,0.9284308277643677,0.9128349114819789,0.9384645768161666
6,-0.3547465187565516,0.928950566708657,0.46785465133318405,1,1,1,2,0.0,0.6179980067835267,-0.7948425351858676,1.217240938858752
5,-2.534372718267188,-1.3853637542657797,1.5643751327146183,3,1,1,1,0.0,-1.7433064124419342,-1.4188016022375824,-1.6348556881923137
5,-2.534372718267188,-1.2360531529125902,1.0161148920239012,3,1,1,2,0.0,-1.7433064124419342,-1.4188016022375824,-1.6348556881923137
5,-1.600247204191201,-1.2360531529125902,0.1937245309878255,3,1,1,1,0.0,-1.7433064124419342,-1.4188016022375824,-1.6348556881923137
5,0.5793789953194354,0.8542952660320623,0.7419847716785426,3,1,1,0,0.0,0.4920617710915021,-0.8441024615320573,0.08498002225502059
9,-0.3547465187565516,0.20728266016824126,0.33078959116050477,1,1,1,2,0.0,-0.005386359891994443,0.5269654884368412,0.09355775647171552
6,1.2021293380367601,0.05796708179500668,-0.7657308902209295,3,1,1,0,0.0,-0.4398663730294796,1.2987043345271196,-0.764215665197778
7,-0.9774968614738763,-0.9872021506572745,0.5863062763344136,1,1,1,0,0.0,-0.25096201949144276,1.7584636470915391,0.9384645768161666
3,-1.9116223755498634,-0.9125468499806797,0.1937245309878255,3,1,1,2,0.0,0.309454229338067,-0.8769424124295152,0.08498002225502059
5,0.26800382396077305,0.580559163551215,-0.49160076987557094,3,1,1,2,0.0,0.5764390490051587,-0.4746530139356456,0.08498002225502059
3,0.8907541666780977,-0.48950014614664294,-0.08040558935753307,3,1,1,0,0.0,-0.3737498492911669,-0.9262023387757021,-0.7685045323061254
1,-0.6661216901152139,-0.7383511484019587,-0.6286658300482503,1,1,1,0,0.0,-0.3768982551834673,-1.1725019705066422,0.951331178141209
3,-0.9774968614738763,-0.9374319502062113,1.2902450123692597,3,1,1,2,0.0,-0.3737498492911669,-1.3284917372695717,-0.3910842267715483
5,-2.2229975469085255,-1.3355935538147166,0.706347856033646,3,1,1,3,0.0,-1.7433064124419342,-1.4188016022375824,-1.6348556881923137
5,0.5793789953194354,-0.43972994569557977,-1.3139911309116465,3,1,1,0,0.0,-1.680338294595922,1.0770346659692716,-1.6348556881923137
4,-0.6661216901152139,-0.9872021506572745,0.46785465133318405,1,1,1,2,0.0,-0.5658026087215042,-0.5157029525574695,1.217240938858752
3,1.2021293380367601,0.22719074034866651,-1.3139911309116465,3,1,1,0,0.0,-1.1828901636124245,-0.26940332082652924,-1.5576560802420594
4,-0.9774968614738763,-0.8627766495296166,-0.16264462546114064,1,1,1,2,0.0,-0.6224739147829156,-0.35150319807017694,1.217240938858752
5,-1.2888720328325387,-1.2360531529125902,1.5643751327146183,3,1,1,2,0.0,-1.7433064124419342,-1.4188016022375824,-1.6348556881923137
5,-0.04337134739788929,-1.435133954716843,-0.35453570970289167,3,1,1,2,0.0,-1.7433064124419342,-1.4188016022375824,-1.6348556881923137
5,-0.6661216901152139,-0.8627766495296166,-0.6286658300482503,3,1,1,0,0.0,-1.7433064124419342,-1.4188016022375824,-1.6348556881923137
1,-0.9774968614738763,-0.8876617497551482,1.0161148920239012,1,1,1,0,0.0,-0.3768982551834673,-1.1725019705066422,0.951331178141209
9,0.8907541666780977,1.1280313685129095,-0.7931439022554654,1,1,0,0,0.0,2.1729956769908005,0.46949557436628836,1.3759290218676083
5,1.2021293380367601,0.3814783617469623,-0.9027959503936088,3,1,1,0,0.0,-0.4373476483156387,0.1657260285647954,-0.7685045323061254
3,1.2021293380367601,0.7049846646788728,-1.5332952271879334,3,0,1,0,0.0,-0.3768982551834673,-0.9262023387757021,-0.3910842267715483
5,1.5135045093954225,0.43124358517798034,-1.5915478777613221,3,0,1,0,0.0,-0.4373476483156387,0.1657260285647954,-0.7685045323061254
7,0.8907541666780977,2.5962473047992276,-0.9914496313132978,1,0,1,0,0.0,2.1733105175800302,0.05899618814805572,1.3716401547592607
5,0.8907541666780977,1.0036058673852517,-1.0529644303187962,3,0,1,0,0.0,0.4920617710915021,-0.8441024615320573,0.08498002225502059
6,1.2021293380367601,-0.3401895447934535,-0.9027959503936088,3,1,1,0,0.0,-0.4398663730294796,1.2987043345271196,-0.764215665197778
1,-0.6661216901152139,-0.48950014614664294,0.7419847716785426,1,1,1,0,0.0,-0.3768982551834673,-1.1725019705066422,0.951331178141209
1,1.2021293380367601,2.745562883172462,-0.9680389190358041,1,0,1,0,0.0,1.549296469726049,1.1016646291423664,1.3759290218676083
5,0.8907541666780977,0.754754865129936,-0.6286658300482503,3,1,0,0,0.0,0.4920617710915021,-0.4418130630381877,0.08498002225502059
3,-1.600247204191201,-1.2360531529125902,1.2902450123692597,3,1,1,2,0.0,0.309454229338067,-0.8769424124295152,0.08498002225502059
3,0.5793789953194354,0.5606510833707896,0.46785465133318405,1,1,1,0,0.0,0.9284308277643677,0.9128349114819789,0.9384645768161666
5,1.8248796807540848,0.10774225926611494,-1.039861010566288,3,1,1,0,0.0,-0.4373476483156387,0.1657260285647954,-0.7685045323061254
5,-0.04337134739788929,-1.0867425515594007,-0.21747064953021236,3,1,1,0,0.0,-1.680338294595922,1.0770346659692716,-1.6348556881923137
5,-0.3547465187565516,0.6303293640022781,1.0161148920239012,1,1,1,0,0.0,0.0009104518926064284,1.6188938557773387,0.30371224478074144
5,-0.3547465187565516,0.754754865129936,1.0161148920239012,1,1,1,0,0.0,0.0009104518926064284,1.6188938557773387,0.30371224478074144
5,0.5793789953194354,-0.7632362486274903,-0.35453570970289167,3,1,1,0,0.0,-1.680338294595922,1.0770346659692716,-1.6348556881923137
9,-0.04337134739788929,0.0629490788601581,0.7419847716785426,1,1,0,2,0.0,1.8395794929961655,-0.17909345585851852,1.3759290218676083
3,-0.04337134739788929,0.25705286061930444,-0.1900576374956765,1,1,1,0,0.0,0.9303198712997481,0.3873956971226407,0.9384645768161666
5,0.5793789953194354,-0.23567212384622083,-0.08040558935753307,3,1,1,0,0.0,-0.4373476483156387,1.3725942240464015,-0.7685045323061254
5,-0.3547465187565516,-0.9872021506572745,0.7419847716785426,3,1,1,0,0.0,-1.680338294595922,1.0770346659692716,-1.6348556881923137
3,0.8907541666780977,-0.24064914389132716,-1.1769260707389673,3,1,1,2,0.0,-1.1828901636124245,-0.26940332082652924,-1.5576560802420594
5,1.5135045093954225,0.5059038628746202,-1.3139911309116465,3,1,1,0,0.0,0.4920617710915021,-0.4418130630381877,0.08498002225502059
5,-0.6661216901152139,-0.7134710251964722,-0.9027959503936088,3,1,1,0,0.0,-1.680338294595922,1.0770346659692716,-1.6348556881923137
5,-0.9774968614738763,-1.0867425515594007,-0.08040558935753307,3,1,1,0,0.0,-1.7433064124419342,-1.4188016022375824,-1.6348556881923137
5,0.26800382396077305,-0.6388107474998324,-0.3572770109063452,3,1,1,2,0.0,-1.680338294595922,1.0770346659692716,-1.6348556881923137
7,-0.6661216901152139,-0.43972994569557977,0.6323327235403993,1,1,1,0,0.0,0.9328385960135881,-0.25298334537780026,0.30371224478074144
3,-0.9774968614738763,-1.0867425515594007,-0.7657308902209295,3,1,1,0,0.0,-1.1828901636124245,-0.26940332082652924,-1.5576560802420594
5,0.26800382396077305,0.754754865129936,-0.35453570970289167,3,1,1,0,0.0,0.5764390490051587,-0.4746530139356456,0.08498002225502059
5,0.5793789953194354,0.3814783617469623,1.2902450123692597,1,1,1,0,0.0,-0.002867635178154452,1.4546941012900463,0.30371224478074144
5,0.5793789953194354,-0.04156834208707452,0.46785465133318405,3,1,1,0,0.0,-0.4373476483156387,-0.7537925965640436,-0.7685045323061254
5,-1.2888720328325387,-1.1365127520104639,0.33078959116050477,3,1,1,2,0.0,-1.7433064124419342,-1.4188016022375824,-1.6348556881923137
3,-0.6661216901152139,-1.012087250882806,0.46785465133318405,3,1,1,2,0.0,-1.1828901636124245,-0.26940332082652924,-1.5576560802420594
6,0.26800382396077305,0.43124358517798034,0.33078959116050477,1,0,1,0,0.0,0.6179980067835267,-1.279231810923382,1.217240938858752
5,1.2021293380367601,1.2524568696405676,-1.1221000466698956,3,1,1,2,0.0,1.8427278988884659,0.10825611449424259,1.2215298059670994
9,-0.3547465187565516,-0.24064914389132716,0.46785465133318405,1,1,1,0,0.0,-0.005386359891994443,0.5269654884368412,0.09355775647171552
1,0.5793789953194354,1.2524568696405676,-0.35453570970289167,1,1,1,0,0.0,1.549296469726049,1.1016646291423664,1.3759290218676083
5,-0.6661216901152139,-0.3401895447934535,-0.35453570970289167,1,1,1,2,0.0,0.0009104518926064284,1.208394469559106,0.30371224478074144
5,-0.04337134739788929,-0.48950014614664294,0.3180973665885147,3,1,1,2,0.0,-0.4373476483156387,-0.7537925965640436,-0.7685045323061254
5,1.5135045093954225,0.5059038628746202,-1.42364317904979,3,1,1,0,0.0,-0.4398663730294796,0.1657260285647954,-0.7685045323061254
7,0.5793789953194354,-0.190878943440264,1.2902450123692597,1,1,1,0,0.0,0.9265417842289873,1.2904943468027537,0.30371224478074144
5,-0.6661216901152139,-0.7283971083117461,-0.4093617337719634,3,1,1,0,0.0,-0.4335695612448787,-0.4171830998650928,-0.7685045323061254
5,-0.6661216901152139,-0.5890405470487693,0.1937245309878255,1,1,1,2,0.0,0.0009104518926064284,1.208394469559106,0.30371224478074144
5,1.2021293380367601,0.5556690863056383,0.1937245309878255,3,1,1,2,0.0,0.4920617710915021,0.46949557436628836,0.08498002225502059
5,-0.9774968614738763,-0.8130064490785535,1.0161148920239012,1,1,1,2,0.0,0.0009104518926064284,1.208394469559106,0.30371224478074144
3,-1.2888720328325387,-1.3306165337696103,0.46785465133318405,3,1,1,3,0.0,-0.3737498492911669,-1.3284917372695717,-0.3910842267715483
5,-0.3547465187565516,-0.9872021506572745,-0.35453570970289167,3,1,1,0,0.0,-1.680338294595922,1.0770346659692716,-1.6348556881923137
5,-0.6661216901152139,-0.09133854253813768,0.1937245309878255,1,1,1,3,0.0,0.0009104518926064284,1.208394469559106,0.30371224478074144
5,-1.9116223755498634,-1.3455475939049293,-1.2043390827735032,3,1,1,0,0.0,-1.7433064124419342,-1.4188016022375824,-1.6348556881923137
5,0.5793789953194354,0.00820185836398863,-1.039861010566288,3,1,1,0,0.0,-0.4373476483156387,1.3725942240464015,-0.7685045323061254
5,-0.6661216901152139,-0.9872021506572745,-0.9165024564108767,3,1,1,0,0.0,-0.4335695612448787,-0.4171830998650928,-0.7685045323061254
5,0.5793789953194354,-0.48950014614664294,-0.35453570970289167,3,1,1,2,0.0,-1.680338294595922,1.0770346659692716,-1.6348556881923137
5,-0.6661216901152139,-0.8876617497551482,1.0161148920239012,3,1,1,0,0.0,-1.680338294595922,1.0770346659692716,-1.6348556881923137
3,0.5793789953194354,0.9787207671597201,-0.08040558935753307,1,1,1,2,0.0,0.9284308277643677,0.9128349114819789,0.9384645768161666
5,0.8907541666780977,0.6552144642278096,-0.9027959503936088,3,1,1,2,0.0,0.5739203242913179,-0.02310368909559198,0.08498002225502059
3,1.2021293380367601,-0.365074645018985,-1.451056191084326,3,1,1,0,0.0,-1.1828901636124245,-0.26940332082652924,-1.5576560802420594
5,1.2021293380367601,0.754754865129936,-1.451056191084326,3,1,1,0,0.0,0.5739203242913179,-0.02310368909559198,0.08498002225502059
5,1.2021293380367601,1.6008482727980096,-1.039861010566288,3,1,1,0,0.0,1.0776652670594162,-0.5731728666280222,0.8398206333241749
5,-0.3547465187565516,-0.24064914389132716,-0.08040558935753307,1,1,1,0,0.0,0.0009104518926064284,1.208394469559106,0.30371224478074144
7,1.2021293380367601,1.9492396759554518,-0.08040558935753307,1,1,1,0,0.0,2.1733105175800302,0.05899618814805572,1.3716401547592607
4,1.5135045093954225,2.745562883172462,-1.2591651068425749,1,1,1,0,0.0,2.58260328357911,-1.1725019705066422,1.3716401547592607
5,0.8907541666780977,0.00820185836398863,-0.35453570970289167,3,1,1,0,0.0,-0.4373476483156387,-0.7537925965640436,-0.7685045323061254
4,-0.6661216901152139,-0.6885809479508955,1.2902450123692597,1,1,1,0,0.0,-0.5658026087215042,-0.32687323489708203,1.217240938858752
7,-0.6661216901152139,-0.9872021506572745,0.7419847716785426,1,1,1,0,0.0,-0.25096201949144276,1.7584636470915391,0.9384645768161666
5,1.8248796807540848,0.9040654664831255,0.1937245309878255,3,1,1,0,0.0,0.9139481606597847,1.503954027636236,0.08498002225502059
9,-0.9774968614738763,-0.3401895447934535,0.08407248284968206,1,1,1,2,0.0,1.9529221051189873,-0.7620025842884096,1.804815732702355
4,-0.04337134739788929,-0.7383511484019587,-0.35453570970289167,1,1,1,2,0.0,-0.5658026087215042,-0.32687323489708203,1.217240938858752
5,-0.3547465187565516,-0.48950014614664294,0.1937245309878255,1,1,1,0,0.0,0.0009104518926064284,1.6188938557773387,0.30371224478074144
5,0.26800382396077305,-0.5890405470487693,0.46785465133318405,3,1,1,0,0.0,-1.680338294595922,1.0770346659692716,-1.6348556881923137
5,1.2021293380367601,0.754754865129936,-1.0563088177870097,3,1,1,0,0.0,0.4920617710915021,0.46949557436628836,0.08498002225502059
5,-0.9774968614738763,-1.3355935538147166,1.0161148920239012,3,1,1,2,0.0,-1.7433064124419342,-1.4188016022375824,-1.6348556881923137
1,-0.3547465187565516,-0.8378965263241301,0.1937245309878255,1,1,1,0,0.0,-0.3706014433988664,-1.1725019705066422,0.951331178141209
5,0.5793789953194354,-0.8627766495296166,-0.7657308902209295,3,1,1,2,0.0,-1.680338294595922,1.0770346659692716,-1.6348556881923137
5,0.8907541666780977,0.10774225926611494,-0.9027959503936088,3,1,1,0,0.0,-0.4373476483156387,-0.7537925965640436,-0.7685045323061254
5,-2.534372718267188,-1.3853637542657797,-0.9027959503936088,3,1,1,2,0.0,-1.7433064124419342,-1.4188016022375824,-1.6348556881923137
5,1.5135045093954225,0.8891344063478065,-1.642947275326077,3,1,1,0,0.0,0.4920617710915021,-0.4418130630381877,0.08498002225502059
5,-0.6661216901152139,-0.8378965263241301,-0.35453570970289167,3,1,1,0,0.0,-0.4335695612448787,-0.4171830998650928,-0.7685045323061254
9,0.8907541666780977,2.4967118809171462,0.30337657912596894,1,1,1,0,0.0,2.1796073293646314,0.6911652429241337,1.3759290218676083
3,0.5793789953194354,-0.7383511484019587,1.2902450123692597,3,1,1,0,0.0,-1.1828901636124245,-0.26940332082652924,-1.5576560802420594
9,0.5793789953194354,0.754754865129936,0.1937245309878255,1,1,1,0,0.0,0.8824641017367785,-1.0575621423655366,1.3759290218676083
5,1.5135045093954225,0.456133662423557,-1.451056191084326,3,1,1,0,0.0,0.4920617710915021,-0.7455826088396806,0.08498002225502059
3,-1.600247204191201,-1.2360531529125902,0.46785465133318405,3,1,1,2,0.0,0.309454229338067,-0.8769424124295152,0.08498002225502059
5,-0.3547465187565516,0.6303293640022781,0.16631151895328963,1,1,1,2,0.0,0.0009104518926064284,1.208394469559106,0.30371224478074144
3,0.8907541666780977,-0.48950014614664294,-1.5058822151533977,3,1,1,0,0.0,-1.1828901636124245,-0.26940332082652924,-1.5576560802420594
5,1.8248796807540848,-0.7383511484019587,1.5643751327146183,3,1,1,2,0.0,-0.4398663730294796,0.1657260285647954,-0.7685045323061254
5,0.5793789953194354,-0.24064914389132716,0.1937245309878255,3,1,1,0,0.0,-0.4373476483156387,-0.7537925965640436,-0.7685045323061254
5,-2.2229975469085255,-1.310708453589185,-0.16264462546114064,3,1,1,0,0.0,-1.7433064124419342,-1.4188016022375824,-1.6348556881923137
3,1.2021293380367601,2.7256548029920364,-0.08040558935753307,1,1,1,0,0.0,0.9265417842289873,0.5515954516099361,0.9384645768161666
7,-0.9774968614738763,-0.9125468499806797,0.1937245309878255,1,1,1,0,0.0,-0.313930137337455,1.3151243099758485,0.9384645768161666
3,-1.9116223755498634,-0.8876617497551482,-0.7657308902209295,3,1,1,0,0.0,0.309454229338067,-0.8769424124295152,0.08498002225502059
5,-0.9774968614738763,-1.012087250882806,-0.46418775784103505,3,1,1,2,0.0,-1.7433064124419342,-1.4188016022375824,-1.6348556881923137
5,-1.2888720328325387,-1.3604786540402483,0.46785465133318405,3,1,1,1,0.0,-1.7433064124419342,-1.4188016022375824,-1.6348556881923137
5,0.26800382396077305,-0.6139256472743008,-1.2673890104529357,3,1,1,0,0.0,-1.680338294595922,1.0770346659692716,-1.6348556881923137
5,0.26800382396077305,1.0036058673852517,-1.5067868445505372,3,1,1,0,0.0,0.5764390490051587,-0.4746530139356456,0.08498002225502059
5,1.2021293380367601,1.6008482727980096,-1.1769260707389673,3,1,1,0,0.0,0.4920617710915021,0.46949557436628836,0.08498002225502059
3,-0.9774968614738763,-0.8627766495296166,-0.35453570970289167,3,1,1,0,0.0,-0.3737498492911669,-1.3284917372695717,-0.3910842267715483
3,-0.3547465187565516,0.754754865129936,-0.35453570970289167,1,1,1,0,0.0,0.9265417842289873,1.7009937330209863,0.9384645768161666
5,1.5135045093954225,1.0533760678363149,-1.5881212512570053,3,1,1,0,0.0,0.4920617710915021,-0.17909345585851852,0.08498002225502059
1,0.5793789953194354,0.580559163551215,0.15559303124778612,1,0,1,0,0.0,0.9983254385734414,1.0441947150718136,1.3759290218676083
1,1.2021293380367601,2.621137382044804,-0.8106882299575683,1,0,1,0,0.0,1.549296469726049,1.1016646291423664,1.3759290218676083
1,-0.6661216901152139,-0.8627766495296166,0.66624261942712,1,0,1,2,0.0,-0.3737498492911669,-1.1725019705066422,0.951331178141209
5,0.8907541666780977,1.0036058673852517,-0.9950681489018565,3,0,0,0,0.0,0.4920617710915021,-0.17909345585851852,0.08498002225502059
6,0.26800382396077305,1.0036058673852517,0.1197916375306823,1,0,1,0,0.0,0.6179980067835267,-0.8030525229102334,1.217240938858752
5,-0.6661216901152139,-0.6636958477253639,1.8488125455849624,1,0,1,2,0.0,-0.002867635178154452,1.4546941012900463,0.30371224478074144
5,-0.3547465187565516,0.6303293640022781,1.2902450123692597,1,1,1,0,0.0,0.0009104518926064284,1.6188938557773387,0.30371224478074144
7,0.8907541666780977,0.754754865129936,-0.9027959503936088,3,1,1,0,0.0,0.6305916303527294,-0.9262023387757021,0.09355775647171552
3,-1.2888720328325387,-0.9872021506572745,0.1937245309878255,3,1,1,2,0.0,-0.3737498492911669,-1.3284917372695717,-0.3910842267715483
3,-0.04337134739788929,-0.9872021506572745,-0.08040558935753307,3,1,1,2,0.0,-1.1828901636124245,-0.26940332082652924,-1.5576560802420594
3,-1.2888720328325387,-0.9374319502062113,0.851636819816686,3,1,1,2,0.0,0.309454229338067,-0.8769424124295152,0.08498002225502059
7,1.5135045093954225,1.3022270700916307,-0.7657308902209295,1,1,1,0,0.0,0.0009104518926064284,1.24944440818093,0.30371224478074144
1,-0.6661216901152139,-0.5890405470487693,-0.08040558935753307,1,1,1,2,0.0,0.9265417842289873,1.7009937330209863,1.3759290218676083
5,-0.3547465187565516,-1.1365127520104639,-0.08040558935753307,3,1,1,1,0.0,-1.680338294595922,1.0770346659692716,-1.6348556881923137
5,1.5135045093954225,1.1529164687384412,-1.615534263291541,3,1,1,0,0.0,0.4920617710915021,-0.17909345585851852,0.08498002225502059
3,-0.9774968614738763,-0.7383511484019587,-0.35453570970289167,3,1,1,0,0.0,0.309454229338067,-0.8769424124295152,0.08498002225502059
3,-1.600247204191201,-1.0867425515594007,0.1937245309878255,3,1,1,2,0.0,0.309454229338067,-0.8769424124295152,0.08498002225502059
3,-0.04337134739788929,-0.2506031839815398,-1.0946870346353599,3,1,1,2,0.0,0.309454229338067,-0.8769424124295152,0.08498002225502059
5,-0.04337134739788929,-1.0071102308376998,-0.08040558935753307,3,1,1,2,0.0,-1.680338294595922,1.0770346659692716,-1.6348556881923137
5,-2.2229975469085255,-1.3853637542657797,-0.2582612114376017,3,0,1,2,0.0,-1.7433064124419342,-1.4188016022375824,-1.6348556881923137
6,0.8907541666780977,-0.6636958477253639,0.7419847716785426,3,1,1,0,0.0,-0.4398663730294796,1.2987043345271196,-0.764215665197778
5,-2.2229975469085255,-1.3355935538147166,0.4130286272641124,3,1,1,0,0.0,-1.7433064124419342,-1.4188016022375824,-1.6348556881923137
3,-1.2888720328325387,-1.0867425515594007,0.1937245309878255,3,1,1,2,0.0,0.309454229338067,-0.8769424124295152,0.08498002225502059
5,-1.2888720328325387,-1.186282952461527,-0.4093617337719634,3,1,1,2,0.0,-1.7433064124419342,-1.4188016022375824,-1.6348556881923137
6,-0.04337134739788929,0.4063634619724939,0.46785465133318405,1,1,1,0,0.0,0.6179980067835267,-0.8030525229102334,1.217240938858752
5,-0.3547465187565516,-0.3899597452445166,1.0161148920239012,1,1,1,3,0.0,0.0009104518926064284,1.208394469559106,0.30371224478074144
5,-0.3547465187565516,-0.14110874298920084,0.9064628438857578,1,1,1,2,0.0,0.0009104518926064284,1.208394469559106,0.30371224478074144
5,0.5793789953194354,0.00820185836398863,-0.08040558935753307,1,1,1,3,0.0,-0.002867635178154452,1.4546941012900463,0.30371224478074144
5,-0.04337134739788929,-0.365074645018985,-0.4093617337719634,3,1,1,0,0.0,-0.4373476483156387,1.3725942240464015,-0.7685045323061254
5,-0.6661216901152139,-0.9872021506572745,0.1937245309878255,3,1,1,2,0.0,-0.4335695612448787,-0.4171830998650928,-0.7685045323061254
5,-1.9116223755498634,-1.484904155167906,0.1937245309878255,3,1,1,3,0.0,-1.7433064124419342,-1.4188016022375824,-1.6348556881923137
5,-2.534372718267188,-1.5595594558445007,2.386765493750694,3,1,1,2,0.0,-1.7433064124419342,-1.4188016022375824,-1.6348556881923137
1,-1.2888720328325387,-0.9872021506572745,1.5643751327146183,1,1,1,0,0.0,-0.3768982551834673,-1.1725019705066422,0.951331178141209
6,1.2021293380367601,-0.09133854253813768,-1.5881212512570053,3,1,1,0,0.0,-0.4398663730294796,1.2987043345271196,-0.764215665197778
6,-0.3547465187565516,0.456133662423557,0.879049831851222,1,1,1,0,0.0,0.6179980067835267,-0.7948425351858676,1.217240938858752
3,0.26800382396077305,-0.8378965263241301,-0.7931439022554654,3,1,1,2,0.0,-1.1828901636124245,-0.26940332082652924,-1.5576560802420594
5,1.5135045093954225,-0.18092490335005137,1.5643751327146183,0,1,1,2,0.0,-0.7735973976133446,0.4202356480201015,0.08069115514667312
8,-0.04337134739788929,0.754754865129936,-0.8753829383590729,1,1,1,0,0.0,-0.43608828595871874,1.7748836225402682,0.8012208293490476
3,1.5135045093954225,0.5009268428295138,-1.5881212512570053,3,1,0,0,0.0,-0.3768982551834673,-0.9262023387757021,-0.3910842267715483
8,-0.6661216901152139,-0.5989945871389819,1.5643751327146183,1,1,1,2,0.0,-0.4335695612448787,1.7748836225402682,0.8012208293490476
6,-0.3547465187565516,0.9040654664831255,0.11148549488421793,1,1,1,2,0.0,2.1733105175800302,-0.8441024615320573,1.217240938858752
3,1.2021293380367601,0.456133662423557,-1.5332952271879334,3,1,1,0,0.0,-0.3768982551834673,-0.9262023387757021,-0.3910842267715483
5,-0.6661216901152139,-0.3899597452445166,1.5643751327146183,1,1,1,2,0.0,0.0009104518926064284,1.208394469559106,0.30371224478074144
5,-0.3547465187565516,-0.3899597452445166,1.5643751327146183,1,1,1,0,0.0,-0.002867635178154452,1.4546941012900463,0.30371224478074144
8,-0.6661216901152139,1.0036058673852517,0.6049197115058633,1,1,1,0,0.0,0.8320896074599688,0.0015262740775029149,0.8012208293490476
5,-0.6661216901152139,-0.6139256472743008,-0.35453570970289167,3,1,1,0,0.0,-0.4335695612448787,-0.4171830998650928,-0.7685045323061254
5,-1.600247204191201,-1.1365127520104639,-0.10781860139206893,3,1,1,2,0.0,-1.7433064124419342,-1.4188016022375824,-1.6348556881923137
6,0.26800382396077305,1.103146268287378,2.1126353734053356,1,1,1,2,0.0,0.6179980067835267,-0.8030525229102334,1.217240938858752
8,0.26800382396077305,0.754754865129936,-0.6286658300482503,1,1,1,0,0.0,-0.4373476483156387,1.7748836225402682,0.8012208293490476
7,-0.6661216901152139,-0.48950014614664294,1.2902450123692597,1,1,1,2,0.0,0.9328385960135881,-0.25298334537780026,0.30371224478074144
5,-0.9774968614738763,-1.0369723511083377,0.8105173017648822,3,1,1,2,0.0,-0.4335695612448787,-0.4171830998650928,-0.7685045323061254
5,1.2021293380367601,1.2524568696405676,-0.7657308902209295,3,1,1,0,0.0,0.4920617710915021,0.46949557436628836,0.08498002225502059
0,-0.3547465187565516,-0.9872021506572745,0.1937245309878255,1,1,1,0,0.0,0.18351799364604243,0.5515954516099361,0.30371224478074144
9,1.2021293380367601,1.2524568696405676,-0.27229667359928406,1,1,1,0,0.0,0.8824641017367785,-1.0575621423655366,1.3759290218676083
3,1.2021293380367601,-0.3401895447934535,0.1937245309878255,3,1,1,0,0.0,-0.3737498492911669,-0.9262023387757021,-0.7685045323061254
3,1.5135045093954225,0.0032248383188823145,-1.615534263291541,3,1,1,0,0.0,-0.3768982551834673,-0.9262023387757021,-0.3910842267715483
3,-0.6661216901152139,-0.7383511484019587,1.0983539281275088,3,1,1,0,0.0,0.309454229338067,-0.8769424124295152,0.08498002225502059
5,-0.3547465187565516,-0.11622364276366925,0.3856156152295765,1,1,1,0,0.0,0.0009104518926064284,1.208394469559106,0.30371224478074144
9,-0.6661216901152139,-0.11622364276366925,0.7419847716785426,1,1,1,0,0.0,1.8647667401345698,-0.7291626333909517,1.804815732702355
3,0.5793789953194354,1.0583530878814211,0.3856156152295765,1,1,1,0,0.0,0.9284308277643677,0.9128349114819789,0.9384645768161666
8,0.26800382396077305,0.5059038628746202,1.7014401928872978,1,1,1,0,0.0,-0.43671796713717914,1.7748836225402682,0.8012208293490476
5,-0.3547465187565516,-1.0618574513338692,0.46785465133318405,3,1,1,2,0.0,-1.680338294595922,1.0770346659692716,-1.6348556881923137
5,1.2021293380367601,0.754754865129936,-0.9027959503936088,3,1,1,0,0.0,0.5739203242913179,-0.02310368909559198,0.08498002225502059
7,-1.2888720328325387,-0.3899597452445166,-0.5738398059791785,1,1,1,0,0.0,-0.313930137337455,1.3151243099758485,0.9384645768161666
5,0.5793789953194354,-0.24064914389132716,-1.2591651068425749,3,1,0,0,0.0,-0.4373476483156387,1.3725942240464015,-0.7685045323061254
5,1.2021293380367601,0.5059038628746202,-0.6286658300482503,3,1,0,0,0.0,0.4920617710915021,0.46949557436628836,0.08498002225502059
5,-0.6661216901152139,-0.24064914389132716,0.1937245309878255,1,1,1,2,0.0,0.9328385960135881,0.05899618814805572,0.30371224478074144
5,-0.04337134739788929,0.456133662423557,-0.35453570970289167,1,1,1,0,0.0,0.0009104518926064284,1.6188938557773387,0.30371224478074144
5,-0.3547465187565516,-1.0369723511083377,-0.08040558935753307,3,1,1,2,0.0,-1.680338294595922,1.0770346659692716,-1.6348556881923137
5,0.5793789953194354,-0.6388107474998324,-0.08040558935753307,3,1,1,2,0.0,-1.680338294595922,1.0770346659692716,-1.6348556881923137
3,-1.9116223755498634,-1.1365127520104639,0.1937245309878255,3,1,1,3,0.0,-0.3737498492911669,-1.3284917372695717,-0.3910842267715483
5,1.2021293380367601,1.8198371547826875,-1.039861010566288,3,1,1,0,0.0,1.0776652670594162,-0.5731728666280222,0.8398206333241749
3,0.8907541666780977,-0.5890405470487693,-0.8753829383590729,3,1,1,2,0.0,-1.1828901636124245,-0.26940332082652924,-1.5576560802420594
9,-0.9774968614738763,-0.24064914389132716,1.2902450123692597,1,1,1,2,0.0,1.8647667401345698,-0.7291626333909517,1.804815732702355
5,0.8907541666780977,0.8542952660320623,-0.7657308902209295,3,1,1,0,0.0,0.5739203242913179,-0.02310368909559198,0.08498002225502059
5,-0.04337134739788929,-1.0618574513338692,-1.4428322874739652,3,1,1,0,0.0,-1.680338294595922,1.0770346659692716,-1.6348556881923137
5,1.5135045093954225,1.7999290746022623,-1.642947275326077,3,1,1,0,0.0,0.4920617710915021,-0.343293210345811,0.08498002225502059
5,1.2021293380367601,1.5013078718958832,-1.3688171549807184,3,1,1,0,0.0,0.5739203242913179,-0.02310368909559198,0.08498002225502059
5,0.5793789953194354,-0.8876617497551482,-0.6286658300482503,3,1,1,0,0.0,-1.680338294595922,1.0770346659692716,-1.6348556881923137
3,0.8907541666780977,1.2524568696405676,0.46785465133318405,1,1,1,0,0.0,0.9284308277643677,-0.1955134313072475,0.9384645768161666
5,0.8907541666780977,-0.09133854253813768,-0.9027959503936088,0,1,1,0,0.0,-0.7735973976133446,0.4202356480201015,0.08069115514667312
8,-0.6661216901152139,0.08285715904058337,1.7014401928872978,1,1,1,2,0.0,0.8320896074599688,0.0015262740775029149,0.8012208293490476
3,-0.6661216901152139,-0.8627766495296166,1.2902450123692597,3,1,1,0,0.0,-0.3737498492911669,-1.3284917372695717,-0.3910842267715483
7,-0.04337134739788929,-0.5890405470487693,-0.08040558935753307,1,1,1,2,0.0,0.9265417842289873,1.2904943468027537,0.30371224478074144
5,-0.6661216901152139,-0.14110874298920084,-0.08040558935753307,1,1,1,0,0.0,0.0009104518926064284,1.208394469559106,0.30371224478074144
5,1.8248796807540848,0.754754865129936,-1.3139911309116465,3,1,1,0,0.0,0.9139481606597847,1.503954027636236,0.08498002225502059
3,0.8907541666780977,-0.06645344231260611,-0.5738398059791785,3,1,1,2,0.0,-0.3737498492911669,-1.3284917372695717,-0.3910842267715483
5,-0.6661216901152139,-1.0867425515594007,0.46785465133318405,3,1,1,0,0.0,-1.680338294595922,1.0770346659692716,-1.6348556881923137
3,-0.3547465187565516,-0.9872021506572745,-0.16264462546114064,3,1,1,0,0.0,-1.1828901636124245,-0.26940332082652924,-1.5576560802420594
3,-0.04337134739788929,-0.48950014614664294,1.0161148920239012,3,1,1,0,0.0,-0.3737498492911669,-1.3284917372695717,-0.3910842267715483
5,-0.04337134739788929,-0.6537418076351513,-0.6286658300482503,3,1,1,0,0.0,-1.680338294595922,1.0770346659692716,-1.6348556881923137
3,0.8907541666780977,-0.7383511484019587,-0.35453570970289167,3,1,1,0,0.0,-1.1828901636124245,-0.26940332082652924,-1.5576560802420594
5,-1.600247204191201,-1.310708453589185,1.0161148920239012,3,1,1,0,0.0,-1.7433064124419342,-1.4188016022375824,-1.6348556881923137
5,-1.9116223755498634,-1.4202078716015691,0.46785465133318405,3,1,1,3,0.0,-1.7433064124419342,-1.4188016022375824,-1.6348556881923137
1,-0.6661216901152139,-0.365074645018985,2.386765493750694,1,1,1,0,0.0,-0.3768982551834673,-1.1725019705066422,0.951331178141209
3,0.8907541666780977,1.2524568696405676,-1.1166174442629886,1,1,1,0,0.0,0.9284308277643677,0.9128349114819789,0.9384645768161666
5,0.5793789953194354,0.5059038628746202,-0.847969926324537,3,1,1,0,0.0,0.4920617710915021,-0.8441024615320573,0.08498002225502059
6,0.5793789953194354,1.2275717694150359,1.5643751327146183,1,1,1,0,0.0,0.6179980067835267,-1.279231810923382,1.217240938858752
5,-0.9774968614738763,-1.4102538315113564,-1.451056191084326,3,1,1,0,0.0,-1.7433064124419342,-1.4188016022375824,-1.6348556881923137
5,1.2021293380367601,0.8791803662575939,-1.451056191084326,3,1,1,0,0.0,0.4920617710915021,-0.4418130630381877,0.08498002225502059
6,0.5793789953194354,1.2524568696405676,0.46785465133318405,1,1,1,0,0.0,2.17016211168773,-1.4023816267888536,1.217240938858752
5,-1.600247204191201,-1.260938253138122,2.386765493750694,1,1,1,3,0.0,-0.005386359891994443,-0.26940332082652924,0.30371224478074144
0,-0.3547465187565516,-0.7582592285823839,-0.1900576374956765,1,0,1,0,0.0,0.0009104518926064284,0.5515954516099361,0.30371224478074144
9,0.26800382396077305,0.8045250655809991,-0.5463993809326081,1,0,1,0,0.0,2.1796073293646314,0.6911652429241337,1.3759290218676083
5,1.5135045093954225,0.3565932615214307,-1.4784692031188618,3,0,0,0,0.0,-0.4373476483156387,0.1657260285647954,-0.7685045323061254
6,-0.3547465187565516,0.754754865129936,1.0325626992446226,1,1,1,3,0.0,0.6179980067835267,-0.7948425351858676,1.217240938858752
5,-0.3547465187565516,0.4063634619724939,1.1531799521965804,1,1,1,3,0.0,0.0009104518926064284,1.6188938557773387,0.30371224478074144
5,-1.2888720328325387,-0.3899597452445166,-0.08040558935753307,3,1,1,2,0.0,0.7439342424755513,-0.26940332082652924,0.08498002225502059
3,0.5793789953194354,1.6257333730235413,1.5643751327146183,1,1,1,0,0.0,0.9284308277643677,0.9128349114819789,0.9384645768161666
9,-0.9774968614738763,-0.365074645018985,1.9481573011981204,1,1,1,2,0.0,-0.005386359891994443,0.5269654884368412,0.09355775647171552
1,-0.04337134739788929,-0.3899597452445166,1.5643751327146183,1,1,1,3,0.0,-0.3737498492911669,-1.1725019705066422,0.951331178141209
5,0.5793789953194354,-0.24064914389132716,1.5643751327146183,1,1,1,3,0.0,-0.002867635178154452,1.4546941012900463,0.30371224478074144
3,-0.9774968614738763,0.3565932615214307,0.7145717596440068,1,1,1,0,0.0,1.008400337428803,1.2904943468027537,0.9384645768161666
5,1.2021293380367601,1.401767470993757,-0.9576219744626805,3,1,0,0,0.0,0.4920617710915021,-0.17909345585851852,0.08498002225502059
3,-0.04337134739788929,-0.5890405470487693,0.7419847716785426,3,1,1,0,0.0,-1.1828901636124245,-0.26940332082652924,-1.5576560802420594
9,-0.3547465187565516,0.00820185836398863,1.5643751327146183,1,1,1,2,0.0,1.8647667401345698,-0.7291626333909517,1.804815732702355
3,-0.04337134739788929,0.3814783617469623,0.5500936874367917,1,1,1,2,0.0,0.9284308277643677,0.9128349114819789,0.9384645768161666
7,1.2021293380367601,0.25705286061930444,0.33078959116050477,3,1,1,0,0.0,0.6305916303527294,-0.9262023387757021,0.09355775647171552
5,0.8907541666780977,0.00820185836398863,-0.29970968563381994,3,1,1,0,0.0,-0.4398663730294796,0.1657260285647954,-0.7685045323061254
9,-0.6661216901152139,-0.18590192339515768,0.7419847716785426,1,1,1,0,0.0,1.8647667401345698,-0.7291626333909517,1.804815732702355
3,-0.3547465187565516,-0.04156834208707452,-0.27229667359928406,1,1,1,2,0.0,0.9303198712997481,0.3873956971226407,0.9384645768161666
5,-0.3547465187565516,0.5059038628746202,-0.27229667359928406,1,1,1,0,0.0,0.0009104518926064284,1.208394469559106,0.30371224478074144
5,-0.9774968614738763,-0.9872021506572745,-0.33808790248217013,3,1,1,0,0.0,-1.7433064124419342,-1.4188016022375824,-1.6348556881923137
5,1.2021293380367601,0.9040654664831255,1.5643751327146183,1,1,1,0,0.0,0.0009104518926064284,1.6188938557773387,0.30371224478074144
5,1.5135045093954225,1.3022270700916307,-1.451056191084326,3,1,0,0,0.0,0.5739203242913179,-0.02310368909559198,0.08498002225502059
3,-0.04337134739788929,-0.8876617497551482,-1.451056191084326,3,1,1,0,0.0,-0.3737498492911669,-0.9262023387757021,-0.7685045323061254
5,1.5135045093954225,0.5556690863056383,-1.451056191084326,3,1,1,0,0.0,0.4920617710915021,-0.17909345585851852,0.08498002225502059
3,1.5135045093954225,2.745562883172462,-1.3139911309116465,1,1,1,0,0.0,0.9265417842289873,0.5515954516099361,0.9384645768161666
5,-0.3547465187565516,-0.21078702362068927,0.1937245309878255,1,1,1,2,0.0,0.0009104518926064284,1.6188938557773387,0.30371224478074144
5,-0.3547465187565516,-0.21576404366579557,2.9350257344414112,1,1,1,0,0.0,0.0009104518926064284,1.208394469559106,0.30371224478074144
5,-0.9774968614738763,-0.7781673087628093,1.5643751327146183,1,1,1,0,0.0,0.9328385960135881,0.05899618814805572,0.30371224478074144
1,-0.04337134739788929,0.5059038628746202,1.838505253059977,1,1,1,2,0.0,1.549296469726049,1.1016646291423664,1.3759290218676083
5,1.8248796807540848,1.2723649498209928,-1.6977732993951486,3,1,0,0,0.0,0.4920617710915021,-0.17909345585851852,0.08498002225502059
5,1.5135045093954225,1.0036058673852517,-1.2317520948080392,3,1,1,0,0.0,0.4920617710915021,-0.17909345585851852,0.08498002225502059
5,0.5793789953194354,0.30681808405032246,-0.08040558935753307,3,1,1,0,0.0,0.5764390490051587,-0.4746530139356456,0.08498002225502059
6,1.2021293380367601,-0.6139256472743008,-1.1769260707389673,3,1,1,0,0.0,-0.4398663730294796,1.2987043345271196,-0.764215665197778
5,-2.534372718267188,-1.5122777654159907,-0.5190137819101068,3,1,1,0,0.0,-1.7433064124419342,-1.4188016022375824,-1.6348556881923137
7,0.26800382396077305,-0.24064914389132716,-0.08040558935753307,1,1,1,0,0.0,0.0009104518926064284,1.24944440818093,0.30371224478074144
5,1.5135045093954225,0.754754865129936,-1.4099366730325222,3,1,1,0,0.0,0.4920617710915021,-0.17909345585851852,0.08498002225502059
3,-0.6661216901152139,-1.0867425515594007,-0.1900576374956765,3,1,1,0,0.0,-1.1828901636124245,-0.26940332082652924,-1.5576560802420594
5,-0.04337134739788929,0.05796708179500668,2.386765493750694,1,1,1,3,0.0,0.0009104518926064284,1.6188938557773387,0.30371224478074144
3,-0.6661216901152139,-0.24064914389132716,1.2902450123692597,1,1,1,3,0.0,1.008400337428803,1.2904943468027537,0.9384645768161666
5,-1.2888720328325387,-1.310708453589185,0.879049831851222,3,1,1,3,0.0,-1.7433064124419342,-1.4188016022375824,-1.6348556881923137
5,-1.2888720328325387,-0.8876617497551482,1.0161148920239012,1,1,1,0,0.0,-0.005386359891994443,-0.26940332082652924,0.30371224478074144
5,-0.04337134739788929,0.5059038628746202,0.5775066994713275,1,1,1,0,0.0,0.0009104518926064284,1.6188938557773387,0.30371224478074144
3,0.5793789953194354,2.3722863797894886,-0.6286658300482503,1,1,1,0,0.0,0.9284308277643677,0.9128349114819789,0.9384645768161666
3,1.5135045093954225,0.10774225926611494,-1.1769260707389673,3,1,1,2,0.0,-0.3768982551834673,-0.9262023387757021,-0.3910842267715483
5,-0.6661216901152139,-1.0867425515594007,0.1937245309878255,3,1,1,2,0.0,-1.7433064124419342,-1.4188016022375824,-1.6348556881923137
5,-2.2229975469085255,-1.3953177943559925,1.2902450123692597,3,1,1,2,0.0,-1.7433064124419342,-1.4188016022375824,-1.6348556881923137
5,-1.600247204191201,-1.1365127520104639,0.7419847716785426,3,1,1,3,0.0,-1.7433064124419342,-1.4188016022375824,-1.6348556881923137
3,-1.2888720328325387,-1.0867425515594007,1.5643751327146183,3,1,1,0,0.0,0.309454229338067,-0.8769424124295152,0.08498002225502059
5,-1.600247204191201,-1.2111680526870587,1.5643751327146183,1,1,1,0,0.0,-0.005386359891994443,-0.26940332082652924,0.30371224478074144
3,-0.9774968614738763,-0.7383511484019587,0.1937245309878255,3,1,1,0,0.0,0.309454229338067,-0.8769424124295152,0.08498002225502059
9,0.8907541666780977,0.754754865129936,-0.35453570970289167,1,1,1,0,0.0,2.180866691721552,0.19035599173789028,1.3759290218676083
5,-0.3547465187565516,-0.09133854253813768,0.35820260319504066,1,1,1,2,0.0,0.0009104518926064284,1.208394469559106,0.30371224478074144
5,-0.3547465187565516,-0.24064914389132716,0.6049197115058633,1,1,1,0,0.0,0.0009104518926064284,1.208394469559106,0.30371224478074144
5,1.2021293380367601,1.2524568696405676,-1.3139911309116465,3,1,1,0,0.0,0.4920617710915021,-0.17909345585851852,0.08498002225502059
5,0.26800382396077305,-0.3899597452445166,-0.08040558935753307,3,1,1,0,0.0,-0.4373476483156387,-0.7537925965640436,-0.7685045323061254
7,0.5793789953194354,-0.365074645018985,-0.35453570970289167,1,1,1,0,0.0,0.9265417842289873,1.2904943468027537,0.30371224478074144
3,-0.04337134739788929,-0.9125468499806797,-0.35453570970289167,3,1,1,0,0.0,-1.1828901636124245,-0.26940332082652924,-1.5576560802420594
5,1.2021293380367601,0.8045250655809991,-1.039861010566288,3,1,1,0,0.0,0.4920617710915021,0.46949557436628836,0.08498002225502059
5,0.8907541666780977,0.00820185836398863,-0.9027959503936088,3,1,0,2,0.0,-0.4373476483156387,1.3725942240464015,-0.7685045323061254
1,0.8907541666780977,1.6257333730235413,-0.49160076987557094,1,1,1,0,0.0,1.5725946733290728,1.2904943468027537,1.3759290218676083
3,-0.3547465187565516,-0.8378965263241301,-0.6560788420827861,3,0,1,0,0.0,0.309454229338067,-0.8769424124295152,0.08498002225502059
5,1.2021293380367601,0.23216776039377282,-0.8206939793501739,3,0,0,0,0.0,0.4920617710915021,-0.7455826088396806,0.08498002225502059
7,1.2021293380367601,0.7000076446337665,-0.08040558935753307,1,1,1,0,0.0,0.0009104518926064284,1.24944440818093,0.30371224478074144
6,0.26800382396077305,0.754754865129936,1.838505253059977,1,1,1,2,0.0,0.6179980067835267,-0.8030525229102334,1.217240938858752
9,-0.9774968614738763,-0.3401895447934535,1.5643751327146183,1,1,1,0,0.0,-0.005386359891994443,0.5269654884368412,0.09355775647171552
3,-0.04337134739788929,-0.8876617497551482,0.46785465133318405,3,1,1,3,0.0,-1.1828901636124245,-0.26940332082652924,-1.5576560802420594
5,-2.2229975469085255,-1.2360531529125902,0.33078959116050477,3,1,1,0,0.0,-1.7433064124419342,-1.4188016022375824,-1.6348556881923137
5,-1.600247204191201,-1.1365127520104639,0.7419847716785426,3,1,1,2,0.0,-1.7433064124419342,-1.4188016022375824,-1.6348556881923137
8,1.2021293380367601,1.6506184732490727,0.7419847716785426,1,1,1,0,0.0,-0.43671796713717914,1.7748836225402682,0.8012208293490476
7,0.5793789953194354,-0.3899597452445166,1.5643751327146183,1,1,1,0,0.0,0.0009104518926064284,1.24944440818093,0.30371224478074144
3,-0.04337134739788929,-0.48950014614664294,-0.9027959503936088,3,1,1,2,0.0,0.309454229338067,-0.8769424124295152,0.08498002225502059
5,0.5793789953194354,0.8144791056712117,-1.0305679994865804,3,1,1,0,0.0,0.5739203242913179,-0.02310368909559198,0.08498002225502059
3,-0.04337134739788929,-0.7383511484019587,-1.451056191084326,3,1,1,0,0.0,-1.1828901636124245,-0.26940332082652924,-1.5576560802420594
7,0.8907541666780977,0.43124358517798034,-0.7657308902209295,1,1,1,0,0.0,0.9265417842289873,-0.638852768422941,0.30371224478074144
3,-0.3547465187565516,-0.5890405470487693,-0.7657308902209295,3,1,1,2,0.0,0.309454229338067,-0.8769424124295152,0.08498002225502059
7,-0.6661216901152139,-1.1116276517849324,-0.08040558935753307,1,1,1,0,0.0,0.0009104518926064284,0.7157952060972286,0.30371224478074144
1,-0.9774968614738763,-0.962322027451788,0.1937245309878255,1,1,1,2,0.0,-0.3768982551834673,-1.1725019705066422,0.951331178141209
3,0.5793789953194354,2.1234353775341726,-0.6560788420827861,1,0,1,0,0.0,0.9265417842289873,-0.039523664544320936,0.9384645768161666
1,0.26800382396077305,0.9986288473401455,0.8146566665820972,1,0,1,0,0.0,1.5725946733290728,0.2231959426353482,1.3759290218676083
3,-0.3547465187565516,-1.1613978522359956,-0.49160076987557094,3,1,1,2,0.0,-1.1828901636124245,-0.26940332082652924,-1.5576560802420594
5,0.5793789953194354,0.3565932615214307,-1.0754979262111848,3,1,1,0,0.0,0.4920617710915021,-0.8441024615320573,0.08498002225502059
6,0.8907541666780977,2.4967118809171462,-0.35453570970289167,1,1,1,0,0.0,2.17016211168773,-0.8687324247051493,1.217240938858752
3,0.8907541666780977,1.575963172572478,-0.08040558935753307,1,1,1,0,0.0,0.9284308277643677,-0.1955134313072475,0.9384645768161666
1,-0.04337134739788929,-0.48950014614664294,0.46785465133318405,1,1,1,0,0.0,-0.3737498492911669,-1.1725019705066422,0.951331178141209
3,0.5793789953194354,-0.09133854253813768,0.46785465133318405,3,1,1,0,0.0,-0.3737498492911669,-1.3284917372695717,-0.3910842267715483
3,-0.04337134739788929,-0.23567212384622083,-1.039861010566288,3,1,1,0,0.0,0.309454229338067,-0.8769424124295152,0.08498002225502059
5,1.8248796807540848,-0.24064914389132716,-1.5881212512570053,3,1,1,0,0.0,-1.680338294595922,0.5105455129881122,-1.6348556881923137
3,0.26800382396077305,0.6800995644533412,0.46785465133318405,1,1,1,0,0.0,0.9284308277643677,0.9128349114819789,0.9384645768161666
3,0.5793789953194354,-0.5890405470487693,-1.2043390827735032,3,1,1,0,0.0,-1.1828901636124245,-0.26940332082652924,-1.5576560802420594
5,1.5135045093954225,1.2524568696405676,-0.8205569142900012,3,1,0,0,0.0,0.4920617710915021,-0.17909345585851852,0.08498002225502059
3,1.8248796807540848,-0.190878943440264,0.05665947081514621,3,1,1,2,0.0,0.495839858162263,-1.0575621423655366,0.08498002225502059
9,0.8907541666780977,0.8791803662575939,-0.6286658300482503,1,1,1,0,0.0,2.180866691721552,0.19035599173789028,1.3759290218676083
5,0.5793789953194354,-0.365074645018985,-0.35453570970289167,3,1,1,0,0.0,-0.4373476483156387,-0.7537925965640436,-0.7685045323061254
5,0.5793789953194354,-0.7383511484019587,-1.1769260707389673,3,1,1,0,0.0,-1.680338294595922,1.0770346659692716,-1.6348556881923137
6,-0.04337134739788929,0.13262735949164653,0.16631151895328963,1,0,1,0,0.0,0.6179980067835267,-1.279231810923382,1.217240938858752
5,0.5793789953194354,0.5059038628746202,-1.0961399242731902,3,1,1,0,0.0,0.4920617710915021,-0.8441024615320573,0.08498002225502059
3,-0.3547465187565516,-0.48950014614664294,-0.9027959503936088,3,1,1,2,0.0,0.309454229338067,-0.8769424124295152,0.08498002225502059
3,0.5793789953194354,-0.6388107474998324,-1.5148736831007255,3,1,1,0,0.0,-1.1828901636124245,-0.26940332082652924,-1.5576560802420594
5,-1.2888720328325387,-1.186282952461527,-0.7202527032556345,3,1,1,0,0.0,-1.7433064124419342,-1.4188016022375824,-1.6348556881923137
5,-1.600247204191201,-1.186282952461527,0.1937245309878255,3,1,1,3,0.0,-1.7433064124419342,-1.4188016022375824,-1.6348556881923137
1,-0.6661216901152139,-0.8876617497551482,1.0161148920239012,1,1,1,2,0.0,-0.3768982551834673,-1.1725019705066422,0.951331178141209
3,0.8907541666780977,1.351997270542694,-0.4093617337719634,1,1,1,0,0.0,0.9284308277643677,0.9128349114819789,0.9384645768161666
3,1.2021293380367601,1.8994694755043886,-0.7657308902209295,1,1,1,0,0.0,0.9284308277643677,0.9128349114819789,0.9384645768161666
5,0.8907541666780977,0.580559163551215,-1.0946870346353599,3,1,1,0,0.0,0.5739203242913179,-0.02310368909559198,0.08498002225502059
3,0.8907541666780977,1.999009876406515,-1.3414041429461825,1,1,1,0,0.0,0.9284308277643677,0.9128349114819789,0.9384645768161666
3,-0.3547465187565516,-0.9872021506572745,-0.08040558935753307,3,1,1,2,0.0,-1.1828901636124245,-0.26940332082652924,-1.5576560802420594
5,-0.3547465187565516,-0.7383511484019587,-0.7657308902209295,3,1,1,0,0.0,-0.4335695612448787,-0.4171830998650928,-0.7685045323061254
6,-0.6661216901152139,-0.7383511484019587,1.5643751327146183,1,1,1,3,0.0,0.2527829232766556,0.3052958198789959,1.217240938858752
5,-0.04337134739788929,1.2524568696405676,0.13889850691875377,1,1,1,0,0.0,0.0009104518926064284,1.208394469559106,0.30371224478074144
3,0.5793789953194354,-0.48950014614664294,-0.7657308902209295,3,1,1,0,0.0,-1.1828901636124245,-0.26940332082652924,-1.5576560802420594
7,0.8907541666780977,0.471064722558876,-0.6286658300482503,3,1,1,0,0.0,0.6305916303527294,-0.9262023387757021,0.09355775647171552
1,-1.2888720328325387,-1.0618574513338692,1.6826896926556751,1,0,1,2,0.0,-0.3768982551834673,-1.1725019705066422,0.951331178141209
3,-1.9116223755498634,-1.3355935538147166,-0.9027959503936088,3,1,1,2,0.0,-0.3737498492911669,-1.3284917372695717,-0.3910842267715483
5,1.5135045093954225,1.4266525712192886,-1.2043390827735032,3,1,0,0,0.0,0.5739203242913179,-0.02310368909559198,0.08498002225502059
5,1.8248796807540848,0.0032248383188823145,-1.5881212512570053,0,1,1,0,0.0,-0.7735973976133446,0.4202356480201015,0.08069115514667312
5,-0.6661216901152139,0.25705286061930444,0.9338758559202937,1,1,1,3,0.0,0.0009104518926064284,1.208394469559106,0.30371224478074144
1,-0.6661216901152139,-0.3899597452445166,1.1256024620898375,1,1,1,1,0.0,-0.3768982551834673,-1.1725019705066422,0.951331178141209
5,-0.9774968614738763,-0.24064914389132716,1.427310072541939,1,1,1,1,0.0,0.9328385960135881,0.05899618814805572,0.30371224478074144
1,-0.9774968614738763,-0.48950014614664294,0.46785465133318405,1,1,1,0,0.0,-0.3768982551834673,-1.1725019705066422,0.951331178141209
3,-0.6661216901152139,-0.48950014614664294,-0.6012528180137143,3,1,1,2,0.0,0.309454229338067,-0.8769424124295152,0.08498002225502059
5,-0.9774968614738763,-0.9921791707023808,0.1937245309878255,3,1,1,3,0.0,-0.4335695612448787,-0.4171830998650928,-0.7685045323061254
6,-0.6661216901152139,0.7298697649044044,0.7419847716785426,1,1,1,2,0.0,0.6179980067835267,-0.7948425351858676,1.217240938858752
5,-1.600247204191201,-1.4102538315113564,1.0161148920239012,3,1,1,0,0.0,-1.7433064124419342,-1.4188016022375824,-1.6348556881923137
7,1.2021293380367601,0.25705286061930444,-0.7657308902209295,3,1,1,0,0.0,0.6305916303527294,-0.9262023387757021,0.09355775647171552
5,-0.04337134739788929,-0.7134710251964722,-0.6286658300482503,3,1,1,2,0.0,-0.4335695612448787,-0.4171830998650928,-0.7685045323061254
5,-1.9116223755498634,-0.8826847297100419,-0.7655115861246532,3,0,1,0,0.0,-0.43671796713717914,0.29708583215462997,-0.7685045323061254
8,-0.04337134739788929,0.4063634619724939,-0.22045866784197676,1,0,1,0,0.0,-0.4373476483156387,1.7748836225402682,0.8012208293490476
6,-0.6661216901152139,-0.7632362486274903,1.0161148920239012,1,0,1,0,0.0,-0.6854420326289274,1.3561742485976696,1.217240938858752
8,-1.2888720328325387,0.13262735949164653,0.5661302994769951,1,0,1,0,0.0,0.8320896074599688,0.0015262740775029149,0.8012208293490476
6,0.8907541666780977,1.750158874151199,-0.3982320508859418,1,0,1,0,0.0,0.6179980067835267,-1.279231810923382,1.217240938858752
3,0.5793789953194354,0.8542952660320623,-0.18350592761942244,1,0,1,0,0.0,0.9284308277643677,0.9128349114819789,0.9384645768161666
5,0.26800382396077305,0.928950566708657,-0.813895552365609,3,0,1,0,0.0,0.5739203242913179,-0.02310368909559198,0.08498002225502059
5,0.26800382396077305,0.00820185836398863,-0.35453570970289167,3,1,1,0,0.0,0.5745500054697783,-0.8441024615320573,0.08498002225502059
5,-1.600247204191201,-1.2858233533636534,-0.7657308902209295,3,1,1,0,0.0,-1.7433064124419342,-1.4188016022375824,-1.6348556881923137
5,0.8907541666780977,-0.09133854253813768,-0.9302089624281447,3,1,0,0,0.0,-0.4398663730294796,-0.7537925965640436,-0.7685045323061254
5,1.2021293380367601,1.1529164687384412,-1.3139911309116465,3,1,1,0,0.0,0.4920617710915021,-0.17909345585851852,0.08498002225502059
5,-1.600247204191201,-1.3853637542657797,-1.2591651068425749,3,1,1,0,0.0,-1.7433064124419342,-1.4188016022375824,-1.6348556881923137
7,-0.6661216901152139,-0.554201406733025,1.5643751327146183,1,1,1,0,0.0,0.9328385960135881,-0.25298334537780026,0.30371224478074144
5,0.5793789953194354,0.754754865129936,-0.49160076987557094,3,1,1,0,0.0,0.5739203242913179,-0.02310368909559198,0.08498002225502059
5,0.5793789953194354,-0.48950014614664294,-1.039861010566288,3,1,1,0,0.0,-1.680338294595922,1.0770346659692716,-1.6348556881923137
5,0.26800382396077305,-0.48950014614664294,-0.35453570970289167,3,1,1,3,0.0,-0.4373476483156387,-0.7537925965640436,-0.7685045323061254
3,-1.2888720328325387,-0.9374319502062113,1.2902450123692597,3,1,1,0,0.0,0.309454229338067,-0.8769424124295152,0.08498002225502059
3,-0.3547465187565516,0.30681808405032246,-0.08040558935753307,1,1,1,2,0.0,0.9303198712997481,-0.12983352951233165,0.9384645768161666
5,0.26800382396077305,-0.43972994569557977,-1.2317520948080392,3,1,1,0,0.0,-1.680338294595922,1.0770346659692716,-1.6348556881923137
7,1.2021293380367601,1.874584375278857,0.46785465133318405,1,1,1,0,0.0,0.0009104518926064284,1.24944440818093,0.30371224478074144
9,-0.6661216901152139,0.00820185836398863,-0.08040558935753307,1,1,1,3,0.0,1.9529221051189873,-0.7620025842884096,1.804815732702355
5,-0.04337134739788929,1.0036058673852517,0.7419847716785426,1,1,1,0,0.0,0.0009104518926064284,1.6188938557773387,0.30371224478074144
4,-0.6661216901152139,-1.2858233533636534,1.5643751327146183,1,1,1,2,0.0,-0.5658026087215042,-0.32687323489708203,1.217240938858752
7,-1.9116223755498634,-0.9374319502062113,1.0161148920239012,1,1,1,0,0.0,-0.25096201949144276,-1.4926914917568643,0.9770643807912938
3,-1.9116223755498634,-0.9872021506572745,-0.6286658300482503,3,1,1,0,0.0,0.309454229338067,-0.8769424124295152,0.08498002225502059
7,-0.3547465187565516,-0.4098678254249419,2.1126353734053356,1,1,1,0,0.0,0.9303198712997481,-0.33508322262144796,0.30371224478074144
1,-0.04337134739788929,0.00820185836398863,-0.9027959503936088,1,1,1,0,0.0,-0.3737498492911669,-1.1725019705066422,0.951331178141209
1,1.2021293380367601,2.4967118809171462,-1.2043390827735032,1,1,1,0,0.0,1.5725946733290728,1.2904943468027537,1.3759290218676083
3,0.26800382396077305,1.0036058673852517,-0.6286658300482503,1,1,1,0,0.0,0.9284308277643677,0.9128349114819789,0.9384645768161666
9,-0.6661216901152139,-0.5890405470487693,0.46785465133318405,1,1,1,3,0.0,1.8647667401345698,-0.7291626333909517,1.804815732702355
3,0.26800382396077305,0.9040654664831255,0.30337657912596894,1,1,1,2,0.0,0.9284308277643677,-0.1955134313072475,0.9384645768161666
3,-0.9774968614738763,-0.8627766495296166,0.46785465133318405,3,1,1,2,0.0,0.309454229338067,-0.8769424124295152,0.08498002225502059
3,-0.9774968614738763,-0.24064914389132716,1.0161148920239012,1,1,1,2,0.0,1.008400337428803,1.2904943468027537,0.9384645768161666
3,-0.9774968614738763,-0.8130064490785535,0.46785465133318405,3,1,1,2,0.0,0.309454229338067,-0.8769424124295152,0.08498002225502059
5,-1.2888720328325387,-1.0369723511083377,-0.7657308902209295,3,1,1,0,0.0,-1.7433064124419342,-1.4188016022375824,-1.6348556881923137
7,-0.9774968614738763,-0.365074645018985,0.4404416392986482,1,1,1,0,0.0,0.9328385960135881,-0.25298334537780026,0.30371224478074144
9,-0.9774968614738763,-0.48950014614664294,1.5643751327146183,1,1,1,3,0.0,1.8647667401345698,-0.7291626333909517,1.804815732702355
7,0.8907541666780977,0.754754865129936,-1.451056191084326,3,1,1,0,0.0,0.6305916303527294,-0.9262023387757021,0.09355775647171552
5,-0.3547465187565516,0.25705286061930444,1.2573493979278167,1,1,1,3,0.0,0.0009104518926064284,1.208394469559106,0.30371224478074144
3,-1.600247204191201,-0.9921791707023808,0.1937245309878255,3,1,1,2,0.0,0.309454229338067,-0.8769424124295152,0.08498002225502059
1,-0.9774968614738763,-0.7881213488530219,0.24855055505689722,1,1,1,0,0.0,-0.3768982551834673,-1.1725019705066422,0.951331178141209
5,-2.534372718267188,-1.3853637542657797,1.0161148920239012,3,1,1,2,0.0,-1.7433064124419342,-1.4188016022375824,-1.6348556881923137
3,0.8907541666780977,-0.6636958477253639,1.0161148920239012,3,1,1,0,0.0,-1.1828901636124245,-0.26940332082652924,-1.5576560802420594
7,0.26800382396077305,0.00820185836398863,1.0161148920239012,1,1,1,0,0.0,0.9265417842289873,1.2904943468027537,0.30371224478074144
3,-0.3547465187565516,-0.2655342441168587,-0.6286658300482503,1,1,1,0,0.0,0.9328385960135881,0.3873956971226407,0.9384645768161666
5,1.2021293380367601,1.103146268287378,-1.3139911309116465,3,1,0,0,0.0,0.4920617710915021,-0.4418130630381877,0.08498002225502059
5,1.2021293380367601,1.5013078718958832,-1.451056191084326,3,1,1,2,0.0,0.5739203242913179,-0.02310368909559198,0.08498002225502059
7,-0.6661216901152139,-0.9872021506572745,0.7419847716785426,1,1,1,0,0.0,0.0009104518926064284,0.7157952060972286,0.30371224478074144
5,1.2021293380367601,1.700388673700136,-1.4784692031188618,3,1,0,0,0.0,0.5739203242913179,-0.02310368909559198,0.08498002225502059
5,1.5135045093954225,0.8542952660320623,-1.2043390827735032,3,1,0,2,0.0,0.4920617710915021,-0.4418130630381877,0.08498002225502059
7,-0.3547465187565516,-0.7383511484019587,1.0161148920239012,1,1,1,0,0.0,-0.25096201949144276,1.7584636470915391,0.9384645768161666
5,0.8907541666780977,0.1575124597171781,-1.1769260707389673,3,1,0,0,0.0,-0.4398663730294796,-0.7537925965640436,-0.7685045323061254
3,-0.04337134739788929,-0.8627766495296166,-0.7657308902209295,3,1,1,0,0.0,-1.1828901636124245,-0.26940332082652924,-1.5576560802420594
3,-0.04337134739788929,0.20728266016824126,0.1937245309878255,1,1,1,2,0.0,0.9284308277643677,0.9128349114819789,0.9384645768161666
5,-0.3547465187565516,0.10774225926611494,1.1531799521965804,1,1,1,2,0.0,0.0009104518926064284,1.6188938557773387,0.30371224478074144
6,-0.3547465187565516,0.13262735949164653,2.4466903380581893,1,0,1,2,0.0,0.6179980067835267,-0.8030525229102334,1.217240938858752
3,-0.3547465187565516,-0.5143852463721745,0.5294242763627516,3,0,1,0,0.0,0.309454229338067,-0.8769424124295152,0.08498002225502059
5,0.5793789953194354,0.7049846646788728,-1.1769260707389673,3,1,1,0,0.0,0.4920617710915021,-0.8441024615320573,0.08498002225502059
8,-0.9774968614738763,-0.24064914389132716,1.0161148920239012,1,1,1,2,0.0,-0.4335695612448787,1.7748836225402682,0.8012208293490476
1,-0.9774968614738763,-0.7383511484019587,0.4284347400275215,1,0,1,0,0.0,-0.3768982551834673,-1.1725019705066422,0.951331178141209
3,-0.04337134739788929,0.10774225926611494,-0.35453570970289167,1,1,1,0,0.0,0.9284308277643677,0.9128349114819789,0.9384645768161666
5,0.8907541666780977,0.1575124597171781,-1.451056191084326,3,1,1,0,0.0,-0.4373476483156387,1.3725942240464015,-0.7685045323061254
5,0.8907541666780977,1.1529164687384412,-0.7657308902209295,3,1,1,0,0.0,0.5739203242913179,-0.02310368909559198,0.08498002225502059
7,1.2021293380367601,0.754754865129936,-1.0946870346353599,3,1,1,0,0.0,0.6305916303527294,-0.9262023387757021,0.09355775647171552
3,-0.3547465187565516,-0.14110874298920084,0.46785465133318405,1,1,1,0,0.0,0.9303198712997481,0.3873956971226407,0.9384645768161666
5,1.5135045093954225,0.754754865129936,-0.6286658300482503,3,1,1,0,0.0,0.4920617710915021,-0.17909345585851852,0.08498002225502059
6,0.8907541666780977,-0.48950014614664294,-0.9027959503936088,3,1,1,0,0.0,-0.4398663730294796,1.2987043345271196,-0.764215665197778
7,-0.9774968614738763,-1.2360531529125902,1.5643751327146183,1,1,1,0,0.0,-0.313930137337455,1.3151243099758485,0.9384645768161666
3,0.5793789953194354,0.754754865129936,0.7419847716785426,1,1,1,2,0.0,0.9284308277643677,0.9128349114819789,0.9384645768161666
3,0.26800382396077305,0.5059038628746202,0.7419847716785426,1,1,1,0,0.0,0.9284308277643677,0.9128349114819789,0.9384645768161666
6,1.5135045093954225,-0.8876617497551482,0.7419847716785426,3,1,1,0,0.0,-0.4398663730294796,1.2987043345271196,-0.764215665197778
5,-0.3547465187565516,-0.9125468499806797,-0.7657308902209295,3,1,1,0,0.0,-1.680338294595922,1.0770346659692716,-1.6348556881923137
9,-0.6661216901152139,-0.3153044445679219,1.0161148920239012,1,1,1,0,0.0,1.8647667401345698,-0.7291626333909517,1.804815732702355
1,-0.9774968614738763,-1.310708453589185,1.5643751327146183,1,1,1,2,0.0,-0.3768982551834673,-1.1725019705066422,0.951331178141209
3,0.8907541666780977,0.8791803662575939,-0.35453570970289167,1,1,1,0,0.0,0.9284308277643677,0.9128349114819789,0.9384645768161666
3,-0.04337134739788929,-1.1365127520104639,0.1937245309878255,3,1,1,2,0.0,-1.1828901636124245,-0.26940332082652924,-1.5576560802420594
5,-0.04337134739788929,-0.7333791053768975,-0.9027959503936088,3,1,1,0,0.0,-1.680338294595922,1.0770346659692716,-1.6348556881923137
5,1.8248796807540848,-0.7333791053768975,-0.9027959503936088,3,1,1,0,0.0,-1.680338294595922,0.5105455129881122,-1.6348556881923137
5,-0.3547465187565516,-1.1365127520104639,-0.08040558935753307,3,1,1,2,0.0,-1.680338294595922,1.0770346659692716,-1.6348556881923137
5,-0.04337134739788929,-0.7383511484019587,-1.1769260707389673,3,1,1,0,0.0,-1.680338294595922,1.0770346659692716,-1.6348556881923137
3,-0.3547465187565516,-0.9872021506572745,0.46785465133318405,3,1,1,0,0.0,-1.1828901636124245,-0.26940332082652924,-1.5576560802420594
3,0.8907541666780977,-0.6388107474998324,-0.35453570970289167,3,1,1,0,0.0,-1.1828901636124245,-0.26940332082652924,-1.5576560802420594
5,-1.2888720328325387,-0.9025928098904671,1.5643751327146183,1,1,1,0,0.0,-0.005386359891994443,-0.26940332082652924,0.30371224478074144
5,0.8907541666780977,2.048780076857578,0.46785465133318405,3,1,1,0,0.0,1.0776652670594162,-0.5731728666280222,0.8398206333241749
5,0.26800382396077305,-0.14608576303430715,-1.1769260707389673,3,1,1,2,0.0,-0.4373476483156387,-0.7537925965640436,-0.7685045323061254
3,0.8907541666780977,1.750158874151199,-0.9850349864972163,1,1,1,0,0.0,0.9284308277643677,0.9128349114819789,0.9384645768161666
3,1.5135045093954225,1.5013078718958832,-0.08040558935753307,1,1,1,0,0.0,0.9303198712997481,0.9128349114819789,0.9384645768161666
5,0.8907541666780977,0.43124358517798034,-1.0124479985317523,3,1,1,2,0.0,0.4920617710915021,-0.17909345585851852,0.08498002225502059
3,-0.04337134739788929,-0.8876617497551482,-0.08040558935753307,3,1,1,2,0.0,-1.1828901636124245,-0.26940332082652924,-1.5576560802420594
3,-0.04337134739788929,-0.3899597452445166,0.46785465133318405,3,1,1,2,0.0,0.309454229338067,-0.8769424124295152,0.08498002225502059
5,-0.9774968614738763,-0.11622364276366925,0.7419847716785426,1,1,1,2,0.0,0.0009104518926064284,1.208394469559106,0.30371224478074144
8,-0.04337134739788929,0.10774225926611494,1.5643751327146183,1,1,1,0,0.0,-0.4373476483156387,1.7748836225402682,0.8012208293490476
9,1.5135045093954225,1.999009876406515,-1.039861010566288,1,1,1,0,0.0,2.180866691721552,0.19035599173789028,1.3759290218676083
8,0.26800382396077305,0.25705286061930444,-1.039861010566288,1,1,1,0,0.0,-0.4373476483156387,1.7748836225402682,0.8012208293490476
7,-0.9774968614738763,-1.2410301729576965,2.3319394696816222,1,1,1,2,0.0,0.9328385960135881,-0.25298334537780026,0.30371224478074144
5,-0.04337134739788929,0.5108808829197266,0.13889850691875377,1,0,1,0,0.0,0.0009104518926064284,1.208394469559106,0.30371224478074144
3,0.5793789953194354,-0.6139256472743008,-0.4367747458064992,3,0,1,0,0.0,-1.1828901636124245,-0.26940332082652924,-1.5576560802420594
3,1.2021293380367601,2.1234353775341726,0.2348440490396293,1,0,1,0,0.0,0.9284308277643677,0.9128349114819789,0.9384645768161666
8,-0.6661216901152139,0.0629490788601581,1.2902450123692597,1,0,1,0,0.0,-0.4373476483156387,1.7748836225402682,0.8012208293490476
5,-0.6661216901152139,0.5606510833707896,-1.4921757091361296,3,0,1,0,0.0,0.4920617710915021,0.46949557436628836,0.08498002225502059
9,-0.6661216901152139,-0.48950014614664294,-0.07218168574717232,1,1,1,0,0.0,-0.005386359891994443,0.5269654884368412,0.09355775647171552
7,0.26800382396077305,0.00820185836398863,-0.7657308902209295,1,1,1,0,0.0,0.9265417842289873,1.2904943468027537,0.30371224478074144
3,-1.9116223755498634,-1.0867425515594007,-0.5082952942046033,3,1,1,2,0.0,-0.3737498492911669,-1.3284917372695717,-0.3910842267715483
8,-0.3547465187565516,-0.365074645018985,1.5643751327146183,1,1,1,0,0.0,-0.43608828595871874,1.7748836225402682,0.8012208293490476
7,0.26800382396077305,-0.24064914389132716,0.7419847716785426,1,1,1,2,0.0,0.9265417842289873,1.2904943468027537,0.30371224478074144
3,0.8907541666780977,-0.48950014614664294,-1.3098517660944318,3,1,1,2,0.0,-1.1828901636124245,-0.26940332082652924,-1.5576560802420594
3,-0.9774968614738763,-0.9573400303866366,1.0161148920239012,3,1,1,0,0.0,-0.3737498492911669,-1.3284917372695717,-0.3910842267715483
8,-0.04337134739788929,0.08285715904058337,2.277113445612551,1,1,1,0,0.0,-0.43608828595871874,1.7748836225402682,0.8012208293490476
3,0.8907541666780977,-0.24064914389132716,-1.1769260707389673,3,1,1,0,0.0,-1.1828901636124245,-0.26940332082652924,-1.5576560802420594
8,0.8907541666780977,1.162870508828654,2.386765493750694,1,1,1,0,0.0,-0.43671796713717914,1.7748836225402682,0.8012208293490476
5,-0.04337134739788929,-0.365074645018985,0.1937245309878255,0,1,1,2,0.0,-0.7735973976133446,0.4202356480201015,0.08069115514667312
3,-1.9116223755498634,-1.0867425515594007,1.0161148920239012,3,1,1,3,0.0,-0.3737498492911669,-1.3284917372695717,-0.3910842267715483
8,0.5793789953194354,0.5556690863056383,0.46785465133318405,1,1,1,2,0.0,-0.43671796713717914,1.7748836225402682,0.8012208293490476
5,-0.9774968614738763,-1.2858233533636534,0.24855055505689722,3,1,1,2,0.0,-1.7433064124419342,-1.4188016022375824,-1.6348556881923137
6,-0.6661216901152139,0.00820185836398863,1.0161148920239012,1,1,1,2,0.0,0.6179980067835267,-0.7948425351858676,1.217240938858752
3,-0.04337134739788929,1.103146268287378,1.2902450123692597,1,1,1,0,0.0,0.9284308277643677,0.9128349114819789,0.9384645768161666
3,-0.6661216901152139,-1.0369723511083377,1.0161148920239012,3,1,1,0,0.0,-1.1828901636124245,-0.26940332082652924,-1.5576560802420594
3,1.2021293380367601,-0.09133854253813768,-1.039861010566288,3,1,1,0,0.0,-1.1828901636124245,-0.26940332082652924,-1.5576560802420594
7,0.8907541666780977,0.7049846646788728,0.1937245309878255,1,1,1,0,0.0,0.0009104518926064284,1.24944440818093,0.30371224478074144
5,-1.600247204191201,-1.310708453589185,-0.35453570970289167,3,1,1,0,0.0,-1.7433064124419342,-1.4188016022375824,-1.6348556881923137
5,0.5793789953194354,0.0629490788601581,-1.039861010566288,3,1,1,2,0.0,-0.4373476483156387,1.3725942240464015,-0.7685045323061254
5,-0.6661216901152139,-0.3153044445679219,0.25052429192338377,1,0,1,0,0.0,-0.005386359891994443,-0.26940332082652924,0.30371224478074144
1,-0.6661216901152139,-0.48950014614664294,-0.24488366156474822,1,1,1,0,0.0,-0.3768982551834673,-1.1725019705066422,0.951331178141209
3,-0.6661216901152139,0.08285715904058337,0.5249285423890877,1,0,1,0,0.0,0.9284308277643677,0.9128349114819789,0.9384645768161666
3,-0.3547465187565516,-1.012087250882806,-0.11853708909757245,3,1,1,2,0.0,-1.1828901636124245,-0.26940332082652924,-1.5576560802420594
7,1.2021293380367601,1.7451818541060928,-0.9027959503936088,1,1,1,0,0.0,2.1733105175800302,0.05899618814805572,1.3716401547592607
4,-0.9774968614738763,-0.9872021506572745,1.5643751327146183,1,1,1,3,0.0,-0.6224739147829156,-0.35150319807017694,1.217240938858752
7,-0.04337134739788929,-0.7881213488530219,2.8801997103723394,1,1,1,2,0.0,0.0009104518926064284,0.7157952060972286,0.30371224478074144
5,-1.9116223755498634,-1.260938253138122,1.5643751327146183,3,1,1,2,0.0,-1.7433064124419342,-1.4188016022375824,-1.6348556881923137
5,0.5793789953194354,0.25705286061930444,-1.5661908416293766,3,1,1,2,0.0,-0.4373476483156387,-0.7537925965640436,-0.7685045323061254
3,0.5793789953194354,-0.3153044445679219,-1.2591651068425749,3,1,1,0,0.0,-1.1828901636124245,-0.26940332082652924,-1.5576560802420594
5,1.2021293380367601,0.30681808405032246,-1.5881212512570053,3,1,1,0,0.0,-0.4373476483156387,-0.7537925965640436,-0.7685045323061254
3,-0.6661216901152139,-0.9872021506572745,0.1937245309878255,3,1,1,0,0.0,-1.1828901636124245,-0.26940332082652924,-1.5576560802420594
3,-0.6661216901152139,-1.0867425515594007,1.0161148920239012,3,1,1,2,0.0,-1.1828901636124245,-0.26940332082652924,-1.5576560802420594
5,0.26800382396077305,0.754754865129936,-1.039861010566288,3,1,1,0,0.0,0.4920617710915021,-0.8441024615320573,0.08498002225502059
6,-0.3547465187565516,-0.4148448454700482,0.6049197115058633,1,1,1,0,0.0,-0.6841826702720074,1.3561742485976696,1.217240938858752
5,-0.04337134739788929,-0.48950014614664294,-0.8753829383590729,3,1,1,0,0.0,-0.4373476483156387,-0.7537925965640436,-0.7685045323061254
5,0.5793789953194354,-0.24064914389132716,-1.1769260707389673,3,1,1,0,0.0,-0.4373476483156387,-0.7537925965640436,-0.7685045323061254
1,0.8907541666780977,1.5013078718958832,-0.08040558935753307,1,1,1,0,0.0,1.549296469726049,1.1016646291423664,1.3759290218676083
5,-0.3547465187565516,0.08285715904058337,1.0982442760793707,1,1,1,2,0.0,0.0009104518926064284,1.6188938557773387,0.30371224478074144
3,0.26800382396077305,0.754754865129936,-0.08040558935753307,1,1,1,0,0.0,0.9284308277643677,0.9128349114819789,0.9384645768161666
1,-0.3547465187565516,0.4063634619724939,0.6721364170145453,1,0,1,2,0.0,1.549296469726049,1.1016646291423664,1.3759290218676083
1,1.2021293380367601,1.750158874151199,-1.2591651068425749,1,1,1,0,0.0,1.5725946733290728,1.2904943468027537,1.3759290218676083
5,1.5135045093954225,1.2524568696405676,-1.451056191084326,3,1,0,0,0.0,0.4920617710915021,-0.17909345585851852,0.08498002225502059
5,0.5793789953194354,-0.48950014614664294,-1.5881212512570053,3,1,1,0,0.0,-1.680338294595922,1.0770346659692716,-1.6348556881923137
5,-1.600247204191201,-1.2360531529125902,-0.6286658300482503,3,1,1,0,0.0,-1.7433064124419342,-1.4188016022375824,-1.6348556881923137
3,0.5793789953194354,-0.43972994569557977,-1.039861010566288,3,1,1,0,0.0,-1.1828901636124245,-0.26940332082652924,-1.5576560802420594
5,-1.600247204191201,-1.012087250882806,-0.6286658300482503,3,1,1,0,0.0,-1.7433064124419342,-1.4188016022375824,-1.6348556881923137
3,0.26800382396077305,1.0782611680618466,0.24855055505689722,1,1,1,0,0.0,0.9284308277643677,0.9128349114819789,0.9384645768161666
3,-0.3547465187565516,-0.24064914389132716,0.1937245309878255,1,1,1,2,0.0,0.9303198712997481,0.3873956971226407,0.9384645768161666
3,0.8907541666780977,1.2524568696405676,-0.8388962193411057,1,1,1,2,0.0,0.9284308277643677,0.9128349114819789,0.9384645768161666
3,-1.2888720328325387,-0.5641554468232377,0.46785465133318405,1,1,1,2,0.0,1.008400337428803,1.2904943468027537,0.9384645768161666
3,-0.9774968614738763,-0.2904193443423903,0.46785465133318405,1,1,1,2,0.0,1.008400337428803,0.3873956971226407,0.9384645768161666
3,-0.6661216901152139,-0.8777077096649355,1.5643751327146183,2,1,1,0,0.0,-1.1828901636124245,-0.26940332082652924,-1.5576560802420594
5,-0.04337134739788929,-0.3899597452445166,0.1937245309878255,3,1,1,0,0.0,-0.4373476483156387,-0.7537925965640436,-0.7685045323061254
6,-0.6661216901152139,0.5059038628746202,1.5643751327146183,1,1,1,2,0.0,0.2527829232766556,0.3052958198789959,1.217240938858752
6,0.8907541666780977,0.5059038628746202,0.46785465133318405,1,1,1,2,0.0,-0.6854420326289274,1.3561742485976696,1.217240938858752
1,1.5135045093954225,2.4967118809171462,-0.7657308902209295,1,1,1,0,0.0,1.5725946733290728,1.2904943468027537,1.3759290218676083
3,-0.9774968614738763,-1.1613978522359956,0.9338758559202937,3,1,1,3,0.0,-0.3737498492911669,-1.3284917372695717,-0.3910842267715483
3,-0.9774968614738763,-1.186282952461527,-0.08040558935753307,3,1,1,0,0.0,-0.3737498492911669,-1.3284917372695717,-0.3910842267715483
5,-0.04337134739788929,0.1575124597171781,0.7419847716785426,1,1,1,0,0.0,0.0009104518926064284,1.208394469559106,0.30371224478074144
9,1.2021293380367601,1.0036058673852517,-0.6286658300482503,1,1,1,0,0.0,2.180866691721552,0.19035599173789028,1.3759290218676083
5,-0.3547465187565516,0.6552144642278096,-0.6286658300482503,1,1,1,0,0.0,0.0009104518926064284,1.6188938557773387,0.30371224478074144
5,1.2021293380367601,0.5556690863056383,-1.5058822151533977,3,1,0,2,0.0,-0.4398663730294796,-0.7537925965640436,-0.7685045323061254
8,0.26800382396077305,-0.05649940222239347,2.9350257344414112,1,1,1,0,0.0,-0.4373476483156387,1.7748836225402682,0.8012208293490476
5,-0.04337134739788929,-0.8130064490785535,-1.039861010566288,3,1,1,0,0.0,-1.680338294595922,1.0770346659692716,-1.6348556881923137
5,-2.2229975469085255,-1.484904155167906,0.7419847716785426,3,1,1,2,0.0,-1.7433064124419342,-1.4188016022375824,-1.6348556881923137
9,-0.04337134739788929,0.8294101658065307,1.3176580244037956,1,1,1,0,0.0,1.8395794929961655,-0.8933623878782442,1.3759290218676083
5,0.8907541666780977,1.1280313685129095,-1.3139911309116465,3,1,1,0,0.0,0.5739203242913179,-0.02310368909559198,0.08498002225502059
5,0.5793789953194354,-0.5890405470487693,-0.9027959503936088,3,1,1,2,0.0,-1.680338294595922,1.0770346659692716,-1.6348556881923137
5,0.8907541666780977,1.5013078718958832,-1.3139911309116465,3,1,0,0,0.0,0.4920617710915021,-0.17909345585851852,0.08498002225502059
1,0.26800382396077305,1.0036058673852517,1.9755703132326563,1,1,1,0,0.0,1.549296469726049,1.1016646291423664,1.3759290218676083
5,-0.6661216901152139,-0.8378965263241301,1.5643751327146183,1,1,1,0,0.0,-0.002867635178154452,1.4546941012900463,0.30371224478074144
7,-2.2229975469085255,-1.484904155167906,0.7419847716785426,1,1,1,3,0.0,-0.25096201949144276,1.7584636470915391,0.9384645768161666
3,1.2021293380367601,2.2478608786618306,-0.35453570970289167,1,1,1,0,0.0,0.9284308277643677,0.9128349114819789,0.9384645768161666
5,-0.04337134739788929,-0.7383511484019587,-0.6286658300482503,3,1,1,2,0.0,-1.680338294595922,1.0770346659692716,-1.6348556881923137
7,-0.6661216901152139,-1.3604786540402483,1.5643751327146183,1,1,1,0,0.0,0.0009104518926064284,0.7157952060972286,0.30371224478074144
3,1.5135045093954225,0.29686902098015494,-0.9027959503936088,3,1,1,0,0.0,-0.3768982551834673,-0.9262023387757021,-0.3910842267715483
1,1.2021293380367601,2.745562883172462,-1.1769260707389673,1,1,1,0,0.0,1.5725946733290728,1.2904943468027537,1.3759290218676083
5,0.8907541666780977,1.2524568696405676,-1.1495130587044315,3,1,1,0,0.0,0.4920617710915021,0.46949557436628836,0.08498002225502059
5,-0.3547465187565516,0.00820185836398863,0.1937245309878255,1,1,1,0,0.0,0.0009104518926064284,1.208394469559106,0.30371224478074144
5,-2.534372718267188,-1.484904155167906,-0.5601332999619105,3,1,1,0,0.0,-1.7433064124419342,-1.4188016022375824,-1.6348556881923137
3,-0.6661216901152139,-0.24064914389132716,-1.039861010566288,3,1,1,0,0.0,0.309454229338067,-0.8769424124295152,0.08498002225502059
9,-1.2888720328325387,-0.7383511484019587,0.46785465133318405,1,1,1,1,0.0,-0.005386359891994443,0.5269654884368412,0.09355775647171552
6,0.5793789953194354,-0.48950014614664294,-0.7931439022554654,3,1,1,0,0.0,-0.4398663730294796,1.2987043345271196,-0.764215665197778
6,0.8907541666780977,2.098545300288596,-0.35453570970289167,1,1,1,0,0.0,0.6179980067835267,-1.279231810923382,1.217240938858752
7,-1.2888720328325387,0.05796708179500668,1.0161148920239012,1,1,1,2,0.0,-0.25096201949144276,-1.4926914917568643,0.9770643807912938
1,1.5135045093954225,2.86998838430012,-0.9027959503936088,1,1,1,0,0.0,1.5725946733290728,1.2904943468027537,1.3759290218676083
1,1.2021293380367601,1.103146268287378,-1.3139911309116465,3,1,1,0,0.0,1.318833158409644,-0.8441024615320573,0.07211342092997819
1,1.2021293380367601,2.745562883172462,-0.6286658300482503,1,1,1,0,0.0,1.5725946733290728,1.2904943468027537,1.3759290218676083
5,-0.9774968614738763,0.00820185836398863,0.24855055505689722,1,1,1,0,0.0,0.0009104518926064284,1.208394469559106,0.30371224478074144
5,0.8907541666780977,0.43124358517798034,-0.9027959503936088,3,1,1,0,0.0,0.4920617710915021,-0.4418130630381877,0.08498002225502059
5,0.5793789953194354,0.8742033462124875,-0.7657308902209295,3,1,1,2,0.0,0.5764390490051587,-0.4746530139356456,0.08498002225502059
7,-0.3547465187565516,-0.9872021506572745,2.8527866983378036,1,1,1,0,0.0,0.9328385960135881,0.7157952060972286,0.30371224478074144
5,1.5135045093954225,0.5059038628746202,-1.451056191084326,3,1,1,0,0.0,0.5739203242913179,-0.02310368909559198,0.08498002225502059
7,1.5135045093954225,1.0036058673852517,-1.582638648850098,3,1,1,0,0.0,0.6186276879619871,-0.9262023387757021,0.09355775647171552
5,-0.3547465187565516,0.05796708179500668,0.7419847716785426,1,1,1,2,0.0,0.0009104518926064284,1.208394469559106,0.30371224478074144
6,1.2021293380367601,2.745562883172462,-1.0124479985317523,1,1,1,0,0.0,2.17016211168773,-1.5009014794812272,1.217240938858752
3,-0.6661216901152139,-0.6537418076351513,-0.6286658300482503,3,1,1,0,0.0,0.309454229338067,-0.8769424124295152,0.08498002225502059
3,-1.9116223755498634,-1.3853637542657797,0.8332975147655816,3,1,1,2,0.0,-0.3737498492911669,-1.3284917372695717,-0.3910842267715483
5,1.5135045093954225,1.750158874151199,-1.5470017332052015,3,1,0,0,0.0,0.4920617710915021,-0.17909345585851852,0.08498002225502059
8,0.26800382396077305,0.8542952660320623,1.5643751327146183,1,1,1,2,0.0,-0.43671796713717914,1.7748836225402682,0.8012208293490476
3,-0.6661216901152139,-1.0867425515594007,1.5643751327146183,3,1,1,2,0.0,-1.1828901636124245,-0.26940332082652924,-1.5576560802420594
1,0.26800382396077305,1.4266525712192886,1.262832000334724,1,0,1,0,0.0,0.9983254385734414,1.0441947150718136,1.3759290218676083
3,-0.3547465187565516,0.13262735949164653,1.043527904058437,1,0,1,0,0.0,0.9303198712997481,0.3873956971226407,0.9384645768161666
6,1.2021293380367601,0.5059038628746202,-0.8753829383590729,3,0,1,0,0.0,-0.4398663730294796,1.2987043345271196,-0.764215665197778
5,0.5793789953194354,0.18239258292266458,-0.21747064953021236,3,0,1,0,0.0,0.4920617710915021,-0.7455826088396806,0.08498002225502059
5,0.26800382396077305,0.13262735949164653,0.33078959116050477,3,0,1,0,0.0,0.4920617710915021,-0.7455826088396806,0.08498002225502059
5,-1.2888720328325387,-0.9125468499806797,0.029246458780610357,3,1,1,0,0.0,-1.7433064124419342,-1.4188016022375824,-1.6348556881923137
5,-0.9774968614738763,-0.9125468499806797,-0.35453570970289167,3,1,1,2,0.0,-1.7433064124419342,-1.4188016022375824,-1.6348556881923137
5,0.8907541666780977,-0.016683241861542946,-1.039861010566288,3,1,1,0,0.0,-0.4398663730294796,0.1657260285647954,-0.7685045323061254
5,-0.04337134739788929,-0.48950014614664294,-1.451056191084326,3,1,1,0,0.0,-0.4373476483156387,-0.7537925965640436,-0.7685045323061254
0,-0.3547465187565516,-0.21576404366579557,0.13889850691875377,1,1,1,0,0.0,0.18351799364604243,0.5515954516099361,0.30371224478074144
5,0.26800382396077305,-1.0867425515594007,-0.7657308902209295,3,1,1,2,0.0,-1.680338294595922,1.0770346659692716,-1.6348556881923137
5,-0.3547465187565516,0.05796708179500668,0.7419847716785426,1,1,1,0,0.0,0.0009104518926064284,1.208394469559106,0.30371224478074144
5,-0.3547465187565516,0.754754865129936,-0.1900576374956765,1,1,1,0,0.0,0.0009104518926064284,1.6188938557773387,0.30371224478074144
5,-1.600247204191201,-1.2111680526870587,-0.24488366156474822,3,1,1,0,0.0,-1.7433064124419342,-1.4188016022375824,-1.6348556881923137
3,1.2021293380367601,0.8294101658065307,-1.451056191084326,3,1,0,0,0.0,-0.3768982551834673,-0.9262023387757021,-0.3910842267715483
1,1.2021293380367601,2.4967118809171462,-0.6286658300482503,1,1,1,0,0.0,1.5725946733290728,1.2904943468027537,1.3759290218676083
3,0.26800382396077305,0.8791803662575939,-0.08040558935753307,1,1,1,0,0.0,0.9284308277643677,0.9128349114819789,0.9384645768161666
1,0.8907541666780977,1.750158874151199,-0.7109048661518578,1,1,1,0,0.0,1.5725946733290728,1.2904943468027537,1.3759290218676083
5,1.2021293380367601,1.1280313685129095,-1.1221000466698956,3,1,1,0,0.0,0.5739203242913179,-0.02310368909559198,0.08498002225502059
3,1.2021293380367601,1.9940328563614085,-0.08040558935753307,1,1,1,2,0.0,0.9284308277643677,0.9128349114819789,0.9384645768161666
5,-0.3547465187565516,-0.48950014614664294,-0.16264462546114064,3,1,1,2,0.0,-0.4373476483156387,-0.7537925965640436,-0.7685045323061254
5,0.8907541666780977,2.2478608786618306,-0.9850349864972163,3,1,1,0,0.0,1.0776652670594162,-0.5731728666280222,0.8398206333241749
5,-0.9774968614738763,-0.8378965263241301,-0.6286658300482503,3,1,1,2,0.0,-0.4335695612448787,-0.4171830998650928,-0.7685045323061254
5,0.26800382396077305,0.00820185836398863,-0.08040558935753307,3,1,1,0,0.0,-0.4373476483156387,1.3725942240464015,-0.7685045323061254
3,0.26800382396077305,-0.7333791053768975,-0.5464267939446427,3,1,1,2,0.0,-1.1828901636124245,-0.26940332082652924,-1.5576560802420594
5,0.5793789953194354,0.25705286061930444,0.029246458780610357,3,1,1,0,0.0,0.4920617710915021,-0.8441024615320573,0.08498002225502059
6,0.8907541666780977,0.8791803662575939,0.9064628438857578,1,1,1,0,0.0,0.6179980067835267,-1.279231810923382,1.217240938858752
6,-0.3547465187565516,0.00820185836398863,0.9064628438857578,1,1,1,0,0.0,0.6179980067835267,-0.7948425351858676,1.217240938858752
5,1.5135045093954225,0.4063634619724939,-1.516847419967212,3,1,1,0,0.0,-0.4398663730294796,0.1657260285647954,-0.7685045323061254
5,1.5135045093954225,0.456133662423557,-1.5332952271879334,3,1,1,0,0.0,-0.4398663730294796,0.1657260285647954,-0.7685045323061254
7,0.8907541666780977,1.0036058673852517,-0.35453570970289167,1,1,1,0,0.0,0.0009104518926064284,1.24944440818093,0.30371224478074144
7,0.26800382396077305,0.13262735949164653,0.46785465133318405,1,1,1,0,0.0,0.9265417842289873,1.2904943468027537,0.30371224478074144
5,0.26800382396077305,-0.190878943440264,-0.7931439022554654,3,1,1,0,0.0,-0.4373476483156387,-0.7537925965640436,-0.7685045323061254
1,-0.9774968614738763,-0.9125468499806797,1.5643751327146183,1,1,1,0,0.0,-0.3768982551834673,-1.1725019705066422,0.951331178141209
3,-2.2229975469085255,-1.0369723511083377,0.1937245309878255,3,1,1,2,0.0,-0.3737498492911669,-1.3284917372695717,-0.3910842267715483
5,-0.04337134739788929,0.20230066310308983,0.49526766336771993,1,0,1,0,0.0,0.0009104518926064284,1.6188938557773387,0.30371224478074144
5,-0.3547465187565516,-0.11622364276366925,0.692641350016378,1,1,1,0,0.0,-0.002867635178154452,1.4546941012900463,0.30371224478074144
5,0.5793789953194354,-0.6388107474998324,-0.7657308902209295,3,1,1,0,0.0,-1.680338294595922,1.0770346659692716,-1.6348556881923137
7,-0.9774968614738763,-0.8876617497551482,0.46785465133318405,1,1,1,0,0.0,-0.313930137337455,1.3151243099758485,0.9384645768161666
5,1.5135045093954225,1.0036058673852517,-1.5195887211706656,3,1,0,0,0.0,0.4920617710915021,-0.17909345585851852,0.08498002225502059
3,0.5793789953194354,-0.48950014614664294,-0.6067354204206216,3,1,1,0,0.0,-1.1828901636124245,-0.26940332082652924,-1.5576560802420594
5,0.5793789953194354,0.754754865129936,-1.4897633640770906,3,1,1,0,0.0,0.4920617710915021,0.46949557436628836,0.08498002225502059
8,1.2021293380367601,1.351997270542694,2.386765493750694,1,1,1,0,0.0,-0.43671796713717914,1.7748836225402682,0.8012208293490476
3,0.5793789953194354,0.13262735949164653,-0.35453570970289167,3,1,1,0,0.0,-0.3737498492911669,-1.3284917372695717,-0.3910842267715483
4,1.2021293380367601,1.750158874151199,-1.1221000466698956,1,1,1,0,0.0,-0.5658026087215042,-0.32687323489708203,1.217240938858752
7,0.5793789953194354,0.3814783617469623,-0.35453570970289167,1,1,1,0,0.0,0.0009104518926064284,1.24944440818093,0.30371224478074144
5,-0.6661216901152139,-0.7881213488530219,0.7419847716785426,1,1,1,2,0.0,-0.002867635178154452,1.4546941012900463,0.30371224478074144
5,0.26800382396077305,0.00820185836398863,-0.9027959503936088,3,1,1,0,0.0,-0.4373476483156387,1.3725942240464015,-0.7685045323061254
3,0.5793789953194354,1.6257333730235413,1.0161148920239012,1,1,1,0,0.0,0.9265417842289873,-0.039523664544320936,0.9384645768161666
5,-0.9774968614738763,-0.962322027451788,0.6049197115058633,1,1,1,2,0.0,-0.005386359891994443,-0.26940332082652924,0.30371224478074144
5,-0.6661216901152139,-0.9672940704768492,1.2902450123692597,3,1,1,3,0.0,-0.4335695612448787,-0.4171830998650928,-0.7685045323061254
3,1.2021293380367601,-0.24064914389132716,-1.039861010566288,3,1,1,0,0.0,-0.3737498492911669,-0.9262023387757021,-0.7685045323061254
9,-0.3547465187565516,-0.24064914389132716,1.0161148920239012,1,1,1,0,0.0,1.8647667401345698,-0.7291626333909517,1.804815732702355
1,-0.6661216901152139,-1.1116276517849324,1.5643751327146183,1,1,1,2,0.0,-0.3768982551834673,-1.1725019705066422,0.951331178141209
9,-0.9774968614738763,-0.2904193443423903,0.7419847716785426,1,1,1,0,0.0,1.8647667401345698,-0.7291626333909517,1.804815732702355
5,-0.3547465187565516,-0.190878943440264,0.9338758559202937,1,1,1,0,0.0,0.0009104518926064284,1.208394469559106,0.30371224478074144
5,-2.2229975469085255,-1.484904155167906,-0.08040558935753307,3,1,1,3,0.0,-1.7433064124419342,-1.4188016022375824,-1.6348556881923137
5,-0.04337134739788929,0.25705286061930444,0.1937245309878255,1,1,1,0,0.0,0.0009104518926064284,1.6188938557773387,0.30371224478074144
5,-0.9774968614738763,-0.9125468499806797,-0.6286658300482503,3,1,1,0,0.0,0.7439342424755513,-0.26940332082652924,0.08498002225502059
9,0.26800382396077305,0.08783417908568968,0.46785465133318405,1,1,1,0,0.0,0.9328385960135881,-1.0575621423655366,1.3759290218676083
5,-1.2888720328325387,-1.260938253138122,0.1937245309878255,3,1,1,2,0.0,-0.4335695612448787,-0.4171830998650928,-0.7685045323061254
5,0.5793789953194354,-0.2904193443423903,-0.9027959503936088,3,1,1,2,0.0,-0.4373476483156387,-0.7537925965640436,-0.7685045323061254
5,0.26800382396077305,-0.48950014614664294,-0.35453570970289167,3,1,1,0,0.0,-1.680338294595922,1.0770346659692716,-1.6348556881923137
7,-1.2888720328325387,-1.1365127520104639,2.386765493750694,1,1,1,3,0.0,0.9328385960135881,-0.25298334537780026,0.30371224478074144
3,1.5135045093954225,0.5556690863056383,-1.5881212512570053,3,1,1,0,0.0,-0.3768982551834673,-0.9262023387757021,-0.3910842267715483
3,0.26800382396077305,-0.5890405470487693,-0.21747064953021236,3,1,1,0,0.0,0.309454229338067,-0.8769424124295152,0.08498002225502059
1,0.26800382396077305,1.0036058673852517,-0.6286658300482503,1,1,1,0,0.0,1.549296469726049,1.1016646291423664,1.3759290218676083
9,1.5135045093954225,1.4764227716703517,-0.716387468558765,1,0,1,0,0.0,0.8824641017367785,-1.0575621423655366,1.3759290218676083
5,0.5793789953194354,-0.21576404366579557,-0.08040558935753307,3,0,1,0,0.0,-0.43671796713717914,0.29708583215462997,-0.7685045323061254
9,1.2021293380367601,1.2524568696405676,-0.6286658300482503,1,0,1,0,0.0,0.8824641017367785,-1.0575621423655366,1.3759290218676083
5,-0.9774968614738763,-0.48950014614664294,0.7419847716785426,1,1,1,2,0.0,-0.005386359891994443,-0.26940332082652924,0.30371224478074144
6,-0.6661216901152139,-0.8627766495296166,1.2902450123692597,1,1,1,2,0.0,-0.6841826702720074,1.3561742485976696,1.217240938858752
3,0.5793789953194354,1.999009876406515,0.46785465133318405,1,1,1,0,0.0,0.9284308277643677,-0.1955134313072475,0.9384645768161666
8,-1.2888720328325387,0.25705286061930444,1.5643751327146183,1,1,1,2,0.0,0.8320896074599688,0.0015262740775029149,0.8012208293490476
4,0.5793789953194354,1.750158874151199,1.0161148920239012,1,1,1,0,0.0,-0.6224739147829156,-0.5157029525574695,1.217240938858752
5,0.26800382396077305,-0.5392703465977061,-0.9027959503936088,3,1,1,2,0.0,-0.4373476483156387,1.3725942240464015,-0.7685045323061254
3,1.5135045093954225,0.5059038628746202,-1.5881212512570053,3,1,1,0,0.0,-0.3768982551834673,-0.9262023387757021,-0.3910842267715483
7,-0.3547465187565516,-0.7383511484019587,-0.35453570970289167,1,1,1,0,0.0,0.9328385960135881,-0.33508322262144796,0.30371224478074144
7,-0.3547465187565516,-0.8876617497551482,0.46785465133318405,1,1,1,0,0.0,-0.313930137337455,1.3151243099758485,0.9384645768161666
1,0.8907541666780977,2.795333083623525,-0.5738398059791785,1,0,1,0,0.0,1.5725946733290728,1.2904943468027537,1.3759290218676083
5,1.5135045093954225,3.1188393865554356,-1.3139911309116465,3,0,0,0,0.0,1.8427278988884659,-0.9426223142244311,1.2215298059670994
5,0.8907541666780977,1.5013078718958832,0.46785465133318405,3,0,1,0,0.0,0.4920617710915021,0.46949557436628836,0.08498002225502059
1,0.5793789953194354,1.8994694755043886,-0.08040558935753307,1,0,1,0,0.0,1.549296469726049,1.1016646291423664,1.3759290218676083
7,0.5793789953194354,0.00820185836398863,1.0161148920239012,1,1,1,0,0.0,0.0009104518926064284,1.24944440818093,0.30371224478074144
5,-1.600247204191201,-1.5595594558445007,0.7419847716785426,3,1,1,2,0.0,-1.7433064124419342,-1.4188016022375824,-1.6348556881923137
6,1.2021293380367601,-0.6885809479508955,-0.35453570970289167,3,1,1,0,0.0,-0.4398663730294796,1.2987043345271196,-0.764215665197778
5,-0.9774968614738763,-1.2111680526870587,-0.6286658300482503,3,1,1,0,0.0,-1.7433064124419342,-1.4188016022375824,-1.6348556881923137
5,-1.2888720328325387,-1.3256395137245038,1.1531799521965804,3,1,1,0,0.0,-1.7433064124419342,-1.4188016022375824,-1.6348556881923137
3,1.2021293380367601,1.750158874151199,-0.9027959503936088,1,1,1,0,0.0,0.9303198712997481,0.9128349114819789,0.9384645768161666
3,-0.9774968614738763,-0.7881213488530219,0.46785465133318405,3,1,1,0,0.0,0.309454229338067,-0.8769424124295152,0.08498002225502059
5,-0.9774968614738763,-0.365074645018985,0.1937245309878255,1,1,1,0,0.0,0.0009104518926064284,1.208394469559106,0.30371224478074144
1,1.2021293380367601,2.745562883172462,0.46785465133318405,1,1,1,0,0.0,1.5725946733290728,1.2904943468027537,1.3759290218676083
5,-0.3547465187565516,-0.48950014614664294,1.5643751327146183,1,1,1,1,0.0,0.0009104518926064284,1.208394469559106,0.30371224478074144
3,-0.3547465187565516,-0.9872021506572745,0.1580053763068253,3,1,1,3,0.0,-1.1828901636124245,-0.26940332082652924,-1.5576560802420594
5,-0.04337134739788929,0.13262735949164653,0.1937245309878255,1,1,1,0,0.0,-0.002867635178154452,1.4546941012900463,0.30371224478074144
8,0.26800382396077305,1.9492396759554518,1.7288532049218335,1,1,1,3,0.0,0.8320896074599688,0.0015262740775029149,0.8012208293490476
8,0.26800382396077305,1.8994694755043886,1.811092241025441,1,1,1,3,0.0,0.8320896074599688,0.0015262740775029149,0.8012208293490476
3,-1.2888720328325387,-1.0867425515594007,-0.21747064953021236,3,1,1,2,0.0,-0.3737498492911669,-1.3284917372695717,-0.3910842267715483
1,1.5135045093954225,2.347396302543912,-0.6286658300482503,1,1,1,0,0.0,1.5725946733290728,1.2904943468027537,1.3759290218676083
7,-0.9774968614738763,-0.6139256472743008,-0.35453570970289167,1,1,1,0,0.0,0.9328385960135881,-0.25298334537780026,0.30371224478074144
5,0.5793789953194354,-0.4148448454700482,-1.039861010566288,3,1,1,0,0.0,-1.680338294595922,1.0770346659692716,-1.6348556881923137
7,-0.9774968614738763,-1.041949371153444,0.1937245309878255,1,1,1,2,0.0,-0.25096201949144276,1.7584636470915391,0.9384645768161666
5,-0.04337134739788929,0.9040654664831255,1.5643751327146183,1,1,1,0,0.0,0.0009104518926064284,1.6188938557773387,0.30371224478074144
3,0.8907541666780977,1.401767470993757,0.46785465133318405,1,1,1,0,0.0,0.9284308277643677,0.9128349114819789,0.9384645768161666
3,0.8907541666780977,1.351997270542694,0.46785465133318405,1,1,1,0,0.0,0.9284308277643677,0.9128349114819789,0.9384645768161666
5,-1.2888720328325387,-0.7881213488530219,0.46785465133318405,3,1,1,2,0.0,-0.4335695612448787,-0.4171830998650928,-0.7685045323061254
0,-0.3547465187565516,-0.8627766495296166,1.0161148920239012,1,1,1,2,0.0,0.18351799364604243,0.5515954516099361,0.30371224478074144
5,-0.04337134739788929,1.0036058673852517,0.1937245309878255,1,1,1,2,0.0,0.0009104518926064284,1.6188938557773387,0.30371224478074144
5,1.5135045093954225,0.5059038628746202,-1.451056191084326,3,1,1,0,0.0,0.4920617710915021,-0.4418130630381877,0.08498002225502059
1,1.5135045093954225,2.745562883172462,-1.2856460764679365,1,0,1,0,0.0,1.5725946733290728,0.2231959426353482,1.3759290218676083
1,-0.6661216901152139,-0.7383511484019587,2.5523400864392904,1,0,1,0,0.0,-0.3768982551834673,-1.1725019705066422,0.951331178141209
5,0.8907541666780977,0.5556690863056383,-0.46418775784103505,3,1,1,0,0.0,0.4920617710915021,0.46949557436628836,0.08498002225502059
5,1.2021293380367601,0.3516162414763244,-1.5881212512570053,3,1,1,0,0.0,-0.43671796713717914,0.29708583215462997,-0.7685045323061254
1,1.5135045093954225,2.526574001187784,-0.9027959503936088,1,1,1,0,0.0,1.5725946733290728,1.2904943468027537,1.3759290218676083
1,-0.9774968614738763,-1.186282952461527,0.6049197115058633,1,1,1,0,0.0,-0.3768982551834673,-1.1725019705066422,0.951331178141209
5,-0.6661216901152139,-0.365074645018985,0.46785465133318405,1,1,1,2,0.0,0.0009104518926064284,1.208394469559106,0.30371224478074144
5,-1.9116223755498634,-1.2360531529125902,0.1937245309878255,3,1,1,2,0.0,-1.7433064124419342,-1.4188016022375824,-1.6348556881923137
3,-0.04337134739788929,-0.7383511484019587,-1.6607657331485253,3,1,1,0,0.0,-1.1828901636124245,-0.26940332082652924,-1.5576560802420594
5,-0.9774968614738763,-1.1116276517849324,-0.35453570970289167,3,1,1,0,0.0,-1.7433064124419342,-1.4188016022375824,-1.6348556881923137
5,-1.2888720328325387,-1.1116276517849324,-0.13523161342660478,3,1,1,0,0.0,-1.7433064124419342,-1.4188016022375824,-1.6348556881923137
5,-0.6661216901152139,-1.186282952461527,1.2902450123692597,3,1,1,0,0.0,-1.7433064124419342,-1.4188016022375824,-1.6348556881923137
5,-1.2888720328325387,-1.186282952461527,-0.08040558935753307,3,1,1,3,0.0,-1.7433064124419342,-1.4188016022375824,-1.6348556881923137
3,-0.6661216901152139,0.00820185836398863,1.0161148920239012,1,1,1,0,0.0,0.9303198712997481,-0.12983352951233165,0.9384645768161666
8,-0.3547465187565516,0.26202988066441074,1.5643751327146183,1,1,1,0,0.0,-0.43608828595871874,1.7748836225402682,0.8012208293490476
7,-0.6661216901152139,-0.48950014614664294,0.1937245309878255,1,1,1,3,0.0,0.9328385960135881,-0.25298334537780026,0.30371224478074144
5,0.8907541666780977,0.11271927931122126,-0.094112095374801,3,1,1,2,0.0,-0.4373476483156387,1.3725942240464015,-0.7685045323061254
3,-0.9774968614738763,-0.016683241861542946,0.34449609717777274,1,1,1,2,0.0,1.008400337428803,1.2904943468027537,0.9384645768161666
5,-0.3547465187565516,-0.6388107474998324,-0.08040558935753307,3,1,1,0,0.0,-1.680338294595922,1.0770346659692716,-1.6348556881923137
1,0.8907541666780977,2.3722863797894886,0.3999800335356733,1,0,1,0,0.0,0.9983254385734414,1.0441947150718136,1.3759290218676083
5,1.2021293380367601,1.999009876406515,-1.039861010566288,3,1,0,0,0.0,0.5739203242913179,-0.02310368909559198,0.08498002225502059
5,0.8907541666780977,0.6552144642278096,-0.5738398059791785,3,1,1,0,0.0,0.5739203242913179,-0.02310368909559198,0.08498002225502059
5,0.26800382396077305,0.25705286061930444,0.46785465133318405,3,1,1,0,0.0,0.5764390490051587,-0.4746530139356456,0.08498002225502059
5,-0.9774968614738763,-0.8130064490785535,-0.08040558935753307,3,1,1,0,0.0,-0.4335695612448787,-0.4171830998650928,-0.7685045323061254
9,0.26800382396077305,0.580559163551215,1.5643751327146183,1,1,1,2,0.0,1.8395794929961655,-0.8933623878782442,1.3759290218676083
3,-1.600247204191201,-1.186282952461527,-0.7657308902209295,3,1,1,3,0.0,-0.3737498492911669,-1.3284917372695717,-0.3910842267715483
5,-2.2229975469085255,-1.435133954716843,1.5643751327146183,3,1,1,2,0.0,-1.7433064124419342,-1.4188016022375824,-1.6348556881923137
5,-2.2229975469085255,-1.3455475939049293,-0.08040558935753307,3,1,1,2,0.0,-1.7433064124419342,-1.4188016022375824,-1.6348556881923137
5,-2.2229975469085255,-1.2360531529125902,0.46785465133318405,3,1,1,3,0.0,-1.7433064124419342,-1.4188016022375824,-1.6348556881923137
5,1.2021293380367601,1.750158874151199,-1.3139911309116465,3,1,1,0,0.0,1.669565574811932,-0.26940332082652924,-0.7685045323061254
5,0.8907541666780977,-0.14110874298920084,-0.6286658300482503,3,1,1,0,0.0,0.4920617710915021,-0.4418130630381877,0.08498002225502059
5,1.5135045093954225,1.0036058673852517,-1.1769260707389673,3,1,0,0,0.0,0.5739203242913179,-0.02310368909559198,0.08498002225502059
5,-1.2888720328325387,-0.8627766495296166,0.029246458780610357,1,1,1,3,0.0,-0.005386359891994443,-0.26940332082652924,0.30371224478074144
5,1.2021293380367601,0.33170816129589914,-0.9027959503936088,3,1,1,0,0.0,-0.4373476483156387,-0.7537925965640436,-0.7685045323061254
5,1.2021293380367601,0.30681808405032246,-1.3962301670152542,3,1,1,0,0.0,0.4920617710915021,-0.8441024615320573,0.08498002225502059
5,1.2021293380367601,1.2026866691895044,-1.039861010566288,3,1,0,0,0.0,0.4920617710915021,0.46949557436628836,0.08498002225502059
5,0.8907541666780977,-0.24064914389132716,-0.35453570970289167,3,1,0,0,0.0,-0.4398663730294796,-0.7537925965640436,-0.7685045323061254
5,1.2021293380367601,0.23216776039377282,-1.5881212512570053,3,1,0,2,0.0,-0.4398663730294796,-0.7537925965640436,-0.7685045323061254
1,0.26800382396077305,1.0036058673852517,-0.35453570970289167,1,1,1,0,0.0,1.549296469726049,1.1016646291423664,1.3759290218676083
5,0.8907541666780977,0.4212945221078128,-1.3139911309116465,3,1,1,0,0.0,-0.4373476483156387,1.3725942240464015,-0.7685045323061254
5,1.8248796807540848,1.0036058673852517,-1.5881212512570053,3,1,0,0,0.0,0.4920617710915021,-0.4418130630381877,0.08498002225502059
3,1.2021293380367601,-0.2904193443423903,1.5643751327146183,3,1,1,0,0.0,-0.3737498492911669,-0.9262023387757021,-0.7685045323061254
5,-0.9774968614738763,-0.9872021506572745,1.0161148920239012,3,1,1,2,0.0,0.7439342424755513,-0.26940332082652924,0.08498002225502059
3,-0.9774968614738763,-0.7383511484019587,1.5643751327146183,1,1,1,3,0.0,1.008400337428803,1.2904943468027537,0.9384645768161666
5,0.8907541666780977,0.3814783617469623,-0.6286658300482503,3,1,1,0,0.0,-0.4373476483156387,-0.7537925965640436,-0.7685045323061254
5,0.26800382396077305,0.00820185836398863,-1.1769260707389673,3,1,0,0,0.0,-0.4398663730294796,-0.7537925965640436,-0.7685045323061254
5,0.26800382396077305,-0.24064914389132716,-0.6286658300482503,3,1,1,2,0.0,-0.4373476483156387,-0.7537925965640436,-0.7685045323061254
7,1.2021293380367601,0.754754865129936,-1.451056191084326,3,1,1,0,0.0,0.6305916303527294,-0.9262023387757021,0.09355775647171552
5,-0.3547465187565516,0.1575124597171781,0.0018334467460744983,1,1,1,0,0.0,0.0009104518926064284,1.6188938557773387,0.30371224478074144
5,-0.9774968614738763,-0.8876617497551482,-0.7657308902209295,3,1,1,0,0.0,-1.7433064124419342,-1.4188016022375824,-1.6348556881923137
1,-1.2888720328325387,-0.9872021506572745,1.2902450123692597,1,1,1,2,0.0,-0.3768982551834673,-1.1725019705066422,0.951331178141209
5,0.8907541666780977,0.00820185836398863,-0.08040558935753307,0,1,1,0,0.0,-0.7735973976133446,0.4202356480201015,0.08069115514667312
1,0.5793789953194354,1.6257333730235413,-0.9027959503936088,1,1,1,0,0.0,1.5725946733290728,0.2231959426353482,1.3759290218676083
5,-1.2888720328325387,-1.0867425515594007,0.481561157350452,3,1,1,2,0.0,-1.7433064124419342,-1.4188016022375824,-1.6348556881923137
5,-2.534372718267188,-1.5844445560700324,1.2902450123692597,1,1,1,2,0.0,-1.0065794336435903,-0.5157029525574695,1.5003061680096847
5,-2.84574788962585,-1.435133954716843,0.7419847716785426,3,1,1,2,0.0,-1.7433064124419342,-1.4188016022375824,-1.6348556881923137
9,1.2021293380367601,0.8045250655809991,-1.2317520948080392,1,1,1,0,0.0,2.180866691721552,0.19035599173789028,1.3759290218676083
5,0.5793789953194354,0.4063634619724939,0.07735629490122078,3,1,1,0,0.0,0.5739203242913179,-0.02310368909559198,0.08498002225502059
1,1.5135045093954225,2.795333083623525,-1.6539124801398912,1,1,1,0,0.0,1.5725946733290728,1.2904943468027537,1.3759290218676083
3,0.8907541666780977,-0.43972994569557977,-1.3139911309116465,3,1,1,2,0.0,-1.1828901636124245,-0.26940332082652924,-1.5576560802420594
5,-0.04337134739788929,0.5059038628746202,-0.08040558935753307,1,1,1,0,0.0,0.0009104518926064284,1.6188938557773387,0.30371224478074144
6,0.8907541666780977,2.2478608786618306,-0.35453570970289167,1,1,0,0,0.0,2.17016211168773,-1.5009014794812272,1.217240938858752
9,-0.3547465187565516,-0.1659938432147324,0.1937245309878255,1,1,1,2,0.0,-0.005386359891994443,0.5269654884368412,0.09355775647171552
6,0.8907541666780977,2.39717148001502,-0.35453570970289167,1,1,1,0,0.0,2.17016211168773,-1.5009014794812272,1.217240938858752
6,1.2021293380367601,-0.3899597452445166,-1.1769260707389673,3,1,1,0,0.0,-0.4398663730294796,1.2987043345271196,-0.764215665197778
6,0.26800382396077305,0.754754865129936,-0.08040558935753307,1,1,1,0,0.0,0.6179980067835267,-0.8030525229102334,1.217240938858752
5,0.26800382396077305,-0.48950014614664294,1.2902450123692597,3,1,1,0,0.0,-0.4373476483156387,-0.7537925965640436,-0.7685045323061254
3,0.5793789953194354,0.9040654664831255,2.4415915178197656,1,1,1,0,0.0,0.9284308277643677,-0.1955134313072475,0.9384645768161666
5,-0.04337134739788929,-0.48950014614664294,0.7419847716785426,0,1,1,0,0.0,-0.6917388444135287,0.4202356480201015,0.08069115514667312
5,0.8907541666780977,-0.04156834208707452,-0.9027959503936088,0,1,1,0,0.0,-0.6917388444135287,0.4202356480201015,0.08069115514667312
5,-0.6661216901152139,-0.48950014614664294,1.2902450123692597,1,1,1,3,0.0,0.0009104518926064284,1.208394469559106,0.30371224478074144
9,-0.6661216901152139,-0.48950014614664294,2.386765493750694,1,1,1,2,0.0,1.8647667401345698,-0.7291626333909517,1.804815732702355
3,-0.6661216901152139,-0.24064914389132716,1.2902450123692597,1,1,1,0,0.0,1.008400337428803,1.2904943468027537,0.9384645768161666
3,0.5793789953194354,1.3022270700916307,1.2902450123692597,1,1,1,0,0.0,0.9284308277643677,-0.1955134313072475,0.9384645768161666
9,-0.6661216901152139,0.00820185836398863,1.2902450123692597,1,1,1,2,0.0,1.8647667401345698,-1.4188016022375824,1.804815732702355
5,1.2021293380367601,-0.09133854253813768,-1.2043390827735032,3,1,1,0,0.0,-0.4373476483156387,-0.7537925965640436,-0.7685045323061254
5,1.5135045093954225,0.8990884464380191,-1.451056191084326,3,1,1,0,0.0,0.5739203242913179,-0.02310368909559198,0.08498002225502059
3,-0.6661216901152139,-0.6388107474998324,-0.9027959503936088,3,1,1,0,0.0,0.309454229338067,-0.8769424124295152,0.08498002225502059
3,-1.9116223755498634,-1.012087250882806,1.2902450123692597,3,1,1,2,0.0,0.309454229338067,-0.8769424124295152,0.08498002225502059
3,1.2021293380367601,0.5059038628746202,-1.039861010566288,3,1,1,0,0.0,-0.3768982551834673,-0.9262023387757021,-0.3910842267715483
5,0.5793789953194354,-0.06645344231260611,-1.0124479985317523,3,1,1,2,0.0,-0.4373476483156387,-0.7537925965640436,-0.7685045323061254
5,-1.9116223755498634,-1.3853637542657797,0.1937245309878255,3,1,1,3,0.0,-1.7433064124419342,-1.4188016022375824,-1.6348556881923137
5,0.5793789953194354,1.5013078718958832,-1.1769260707389673,3,1,1,0,0.0,1.0776652670594162,-0.5731728666280222,0.8398206333241749
7,-0.3547465187565516,-0.5392703465977061,-1.039861010566288,1,1,1,0,0.0,-0.25096201949144276,1.7584636470915391,0.9384645768161666
7,1.5135045093954225,0.25705286061930444,-1.039861010566288,3,1,1,0,0.0,0.6305916303527294,-0.9262023387757021,0.09355775647171552
5,1.8248796807540848,1.2524568696405676,-1.5250713235775728,3,1,1,0,0.0,0.4920617710915021,-0.343293210345811,0.08498002225502059
5,-1.2888720328325387,-1.2360531529125902,1.0161148920239012,3,1,1,0,0.0,-1.7433064124419342,-1.4188016022375824,-1.6348556881923137
3,-1.2888720328325387,-0.6885809479508955,-0.08040558935753307,3,1,1,0,0.0,0.309454229338067,-0.8769424124295152,0.08498002225502059
9,-0.04337134739788929,0.00820185836398863,1.2902450123692597,1,1,1,2,0.0,0.9328385960135881,-1.0575621423655366,1.3759290218676083
3,0.8907541666780977,0.8791803662575939,0.1937245309878255,1,1,1,2,0.0,0.9284308277643677,0.9128349114819789,0.9384645768161666
5,-1.2888720328325387,-0.7383511484019587,0.7419847716785426,0,1,1,2,0.0,1.8458763047807663,-0.02310368909559198,1.7533493274021854
9,-0.6661216901152139,0.00820185836398863,0.879049831851222,1,1,1,0,0.0,1.8647667401345698,-1.4188016022375824,1.804815732702355
9,-0.3547465187565516,-0.24064914389132716,0.1937245309878255,1,1,1,2,0.0,0.9139481606597847,-1.0575621423655366,1.3759290218676083
5,-0.04337134739788929,-0.48950014614664294,-0.7657308902209295,3,1,1,0,0.0,0.4920617710915021,-0.7455826088396806,0.08498002225502059
3,-0.3547465187565516,-0.48950014614664294,-0.6286658300482503,3,1,1,0,0.0,0.309454229338067,-0.8769424124295152,0.08498002225502059
3,-0.04337134739788929,-0.7383511484019587,-1.039861010566288,3,1,1,0,0.0,-1.1828901636124245,-0.26940332082652924,-1.5576560802420594
5,-1.9116223755498634,-1.5097892553934376,0.1937245309878255,3,1,1,0,0.0,-1.7433064124419342,-1.4188016022375824,-1.6348556881923137
3,1.2021293380367601,0.3814783617469623,-1.5113648175603047,3,1,1,0,0.0,-0.3768982551834673,-0.9262023387757021,-0.3910842267715483
5,0.5793789953194354,0.4163175020627065,-0.35453570970289167,3,1,1,0,0.0,0.4920617710915021,-0.8441024615320573,0.08498002225502059
1,0.8907541666780977,1.1280313685129095,-0.6286658300482503,1,1,1,1,0.0,1.549296469726049,1.1016646291423664,1.3759290218676083
6,1.5135045093954225,0.10774225926611494,-1.3139911309116465,3,1,1,0,0.0,-0.4398663730294796,1.2987043345271196,-0.764215665197778
3,0.5793789953194354,0.10774225926611494,-1.4579094440929599,3,1,1,2,0.0,-0.3737498492911669,-1.3284917372695717,-0.3910842267715483
3,-1.9116223755498634,-1.0618574513338692,1.2902450123692597,3,1,1,1,0.0,-0.3737498492911669,-1.3284917372695717,-0.3910842267715483
5,0.26800382396077305,-0.9374319502062113,-0.35453570970289167,3,1,1,2,0.0,-1.680338294595922,1.0770346659692716,-1.6348556881923137
5,-0.6661216901152139,-0.24064914389132716,1.5643751327146183,1,1,1,2,0.0,0.9328385960135881,0.05899618814805572,0.30371224478074144
3,-0.9774968614738763,-0.24064914389132716,0.8242238077821502,1,1,1,2,0.0,1.008400337428803,0.3873956971226407,0.9384645768161666
3,-0.6661216901152139,-0.5392703465977061,-0.9850349864972163,3,1,1,0,0.0,0.309454229338067,-0.8769424124295152,0.08498002225502059
5,-0.9774968614738763,-0.8627766495296166,-0.9027959503936088,3,1,1,0,0.0,-0.4335695612448787,-0.4171830998650928,-0.7685045323061254
5,-0.04337134739788929,-0.48950014614664294,0.46785465133318405,3,1,1,0,0.0,-0.4373476483156387,1.3725942240464015,-0.7685045323061254
3,0.5793789953194354,1.6755035734746044,-1.039861010566288,1,1,1,0,0.0,0.9284308277643677,0.9128349114819789,0.9384645768161666
3,0.5793789953194354,1.6008482727980096,0.46785465133318405,1,1,1,0,0.0,0.9284308277643677,-0.1955134313072475,0.9384645768161666
9,-0.9774968614738763,-0.14110874298920084,1.0161148920239012,1,1,1,2,0.0,1.8647667401345698,-0.7291626333909517,1.804815732702355
5,1.5135045093954225,1.5560550923920529,-1.5881212512570053,3,1,1,0,0.0,0.5739203242913179,-0.02310368909559198,0.08498002225502059
5,1.8248796807540848,1.7451818541060928,-1.5744147452397372,3,1,1,0,0.0,0.4920617710915021,-0.343293210345811,0.08498002225502059
6,0.5793789953194354,0.754754865129936,0.46785465133318405,1,1,1,2,0.0,2.17016211168773,-1.4680615285837693,1.217240938858752
7,0.8907541666780977,1.0036058673852517,-0.6286658300482503,3,1,1,2,0.0,0.6305916303527294,-0.9262023387757021,0.09355775647171552
1,-0.6661216901152139,-0.04156834208707452,1.5643751327146183,1,1,1,0,0.0,0.9265417842289873,1.7009937330209863,1.3759290218676083
3,-1.2888720328325387,-0.2904193443423903,1.2902450123692597,1,1,1,0,0.0,1.008400337428803,1.2904943468027537,0.9384645768161666
5,-0.04337134739788929,0.6552144642278096,0.46785465133318405,1,1,1,2,0.0,0.0009104518926064284,1.6188938557773387,0.30371224478074144
5,-0.04337134739788929,0.08285715904058337,-0.46418775784103505,3,0,1,0,0.0,-0.4373476483156387,0.1657260285647954,-0.7685045323061254
6,0.8907541666780977,-0.11622364276366925,-1.1769260707389673,3,0,0,0,0.0,-0.4398663730294796,0.46949557436628836,-0.764215665197778
3,-0.3547465187565516,-0.5342933265525998,-0.7109048661518578,3,0,1,0,0.0,0.309454229338067,-0.8769424124295152,0.08498002225502059
5,0.8907541666780977,1.0036058673852517,-0.7931439022554654,3,0,1,2,0.0,0.5739203242913179,-0.02310368909559198,0.08498002225502059
3,-1.2888720328325387,-0.8627766495296166,-0.35453570970289167,3,0,1,0,0.0,0.309454229338067,-0.8769424124295152,0.08498002225502059
5,-0.3547465187565516,-0.04156834208707452,0.3856156152295765,1,0,1,0,0.0,-0.005386359891994443,-0.26940332082652924,0.30371224478074144
5,-1.2888720328325387,-1.5595594558445007,2.386765493750694,3,1,1,3,0.0,-1.7433064124419342,-1.4188016022375824,-1.6348556881923137
3,-0.6661216901152139,-1.2360531529125902,-0.6286658300482503,3,1,1,0,0.0,-1.1828901636124245,-0.26940332082652924,-1.5576560802420594
3,-0.9774968614738763,-0.8876617497551482,0.1937245309878255,3,1,1,3,0.0,0.309454229338067,-0.8769424124295152,0.08498002225502059
3,0.8907541666780977,2.780402023488206,-0.08040558935753307,1,1,1,0,0.0,0.9265417842289873,-0.039523664544320936,0.9384645768161666
3,-1.2888720328325387,-1.1365127520104639,0.7419847716785426,3,1,1,3,0.0,0.309454229338067,-0.8769424124295152,0.08498002225502059
3,1.5135045093954225,2.1682285579401297,-1.3688171549807184,1,1,1,0,0.0,0.9303198712997481,0.9128349114819789,0.9384645768161666
9,-0.04337134739788929,0.8791803662575939,-0.6286658300482503,1,1,1,3,0.0,0.9328385960135881,-1.0575621423655366,1.3759290218676083
9,-0.6661216901152139,0.00820185836398863,1.0161148920239012,1,1,1,2,0.0,1.8647667401345698,-0.7291626333909517,1.804815732702355
3,0.8907541666780977,-0.7383511484019587,-0.7657308902209295,3,1,1,2,0.0,-0.3737498492911669,-0.9262023387757021,-0.7685045323061254
1,0.5793789953194354,2.1234353775341726,-0.7657308902209295,1,1,1,2,0.0,1.549296469726049,1.1016646291423664,1.3759290218676083
5,0.5793789953194354,0.13262735949164653,0.1937245309878255,1,1,1,0,0.0,-0.002867635178154452,1.4546941012900463,0.30371224478074144
5,-1.600247204191201,-0.7881213488530219,0.7419847716785426,1,1,1,0,0.0,-0.005386359891994443,-0.26940332082652924,0.30371224478074144
6,-0.3547465187565516,0.6054442637767465,1.262832000334724,1,1,1,2,0.0,2.17016211168773,-1.4680615285837693,1.217240938858752
5,0.5793789953194354,-0.09133854253813768,-0.6560788420827861,3,1,1,3,0.0,-0.4373476483156387,-0.7537925965640436,-0.7685045323061254
9,-0.04337134739788929,0.8791803662575939,0.7419847716785426,1,1,1,0,0.0,1.8647667401345698,-0.7291626333909517,1.804815732702355
3,-1.600247204191201,-1.2758693132734409,1.2902450123692597,3,1,1,0,0.0,0.309454229338067,-0.8769424124295152,0.08498002225502059
3,1.5135045093954225,0.5556690863056383,-0.6286658300482503,3,1,1,0,0.0,0.495839858162263,-1.0575621423655366,0.08498002225502059
3,0.5793789953194354,1.0832381881069528,1.3450710364383316,1,1,1,0,0.0,0.9284308277643677,0.9128349114819789,0.9384645768161666
3,-0.04337134739788929,-0.8627766495296166,-0.08040558935753307,3,1,1,2,0.0,0.309454229338067,-0.8769424124295152,0.08498002225502059
3,-0.9774968614738763,-1.3405705738598228,0.46785465133318405,3,1,1,2,0.0,-1.1828901636124245,-0.26940332082652924,-1.5576560802420594
1,-0.6661216901152139,-0.8627766495296166,-0.08040558935753307,1,1,1,0,0.0,-0.3768982551834673,-1.1725019705066422,0.951331178141209
5,-1.600247204191201,-1.4052768114662502,1.2902450123692597,3,1,1,2,0.0,-1.7433064124419342,-1.4188016022375824,-1.6348556881923137
3,0.8907541666780977,1.750158874151199,-0.5464267939446427,1,0,1,0,0.0,0.9284308277643677,0.9128349114819789,0.9384645768161666
5,1.2021293380367601,1.6506184732490727,-1.5943440049888449,3,0,1,0,0.0,0.4920617710915021,0.46949557436628836,0.08498002225502059
5,-0.3547465187565516,0.0629490788601581,-0.025579565288461358,3,0,1,0,0.0,0.4920617710915021,0.46949557436628836,0.08498002225502059
9,0.5793789953194354,0.7049846646788728,0.08407248284968206,1,0,1,0,0.0,0.9328385960135881,-1.0575621423655366,1.3759290218676083
5,0.26800382396077305,0.0629490788601581,-1.0673014356128585,3,0,0,0,0.0,-0.4373476483156387,1.3725942240464015,-0.7685045323061254
5,-0.6661216901152139,-0.24064914389132716,2.2497004335780146,1,1,1,3,0.0,0.0009104518926064284,1.208394469559106,0.30371224478074144
9,-0.9774968614738763,-0.6139256472743008,1.7014401928872978,1,1,1,1,0.0,1.8647667401345698,-0.7291626333909517,1.804815732702355
9,-0.9774968614738763,-0.5890405470487693,1.8659182650945128,1,1,1,1,0.0,1.8647667401345698,-0.7291626333909517,1.804815732702355
5,1.5135045093954225,1.5013078718958832,-0.49160076987557094,3,1,0,0,0.0,0.4920617710915021,0.46949557436628836,0.08498002225502059
5,1.2021293380367601,0.30681808405032246,-0.35453570970289167,3,1,1,0,0.0,-0.4398663730294796,0.1657260285647954,-0.7685045323061254
3,1.2021293380367601,1.999009876406515,-0.9027959503936088,1,1,1,0,0.0,0.9284308277643677,0.9128349114819789,0.9384645768161666
5,0.8907541666780977,-0.14110874298920084,-1.039861010566288,0,1,1,0,0.0,-0.7735973976133446,0.4202356480201015,0.08069115514667312
6,-0.3547465187565516,-0.5392703465977061,0.7419847716785426,1,1,1,0,0.0,-0.6841826702720074,1.3561742485976696,1.217240938858752
5,-0.9774968614738763,-1.2808463333185471,-1.3139911309116465,3,1,1,3,0.0,-1.7433064124419342,-1.4188016022375824,-1.6348556881923137
5,-1.600247204191201,-1.3604786540402483,0.1937245309878255,3,1,1,2,0.0,-1.7433064124419342,-1.4188016022375824,-1.6348556881923137
3,0.8907541666780977,1.5013078718958832,-0.6286658300482503,1,1,1,0,0.0,0.9284308277643677,0.9128349114819789,0.9384645768161666
3,0.8907541666780977,1.5013078718958832,0.1937245309878255,1,1,1,0,0.0,0.9284308277643677,0.9128349114819789,0.9384645768161666
6,0.26800382396077305,0.6552144642278096,1.2902450123692597,1,1,1,0,0.0,0.680966124629539,0.17393601628916133,1.217240938858752
5,-2.2229975469085255,-1.3355935538147166,0.7419847716785426,3,1,1,2,0.0,-1.7433064124419342,-1.4188016022375824,-1.6348556881923137
3,-0.9774968614738763,-0.6388107474998324,1.1531799521965804,1,1,1,2,0.0,1.008400337428803,0.3873956971226407,0.9384645768161666
3,-0.3547465187565516,-0.11622364276366925,-0.6286658300482503,3,1,1,0,0.0,0.309454229338067,-0.8769424124295152,0.08498002225502059
5,-0.04337134739788929,0.13262735949164653,0.46785465133318405,1,1,1,2,0.0,-0.002867635178154452,1.4546941012900463,0.30371224478074144
1,1.2021293380367601,2.4967118809171462,-1.039861010566288,1,1,1,0,0.0,1.5725946733290728,1.2904943468027537,1.3759290218676083
1,-0.9774968614738763,-0.8378965263241301,-0.6286658300482503,1,1,1,2,0.0,-0.3768982551834673,-1.1725019705066422,0.951331178141209
1,-0.6661216901152139,-0.48950014614664294,0.1937245309878255,1,1,1,0,0.0,-0.3768982551834673,-1.1725019705066422,0.951331178141209
5,-1.2888720328325387,-0.8876617497551482,1.2902450123692597,1,1,1,3,0.0,-0.005386359891994443,-0.26940332082652924,0.30371224478074144
9,0.26800382396077305,0.754754865129936,0.7419847716785426,1,1,1,0,0.0,0.9328385960135881,-1.0575621423655366,1.3759290218676083
3,-1.2888720328325387,-0.24064914389132716,2.3319394696816222,1,1,1,2,0.0,1.008400337428803,1.2904943468027537,0.9384645768161666
7,0.26800382396077305,-0.7383511484019587,2.523830553923373,1,1,1,2,0.0,0.0009104518926064284,0.7157952060972286,0.30371224478074144
3,0.26800382396077305,-0.48950014614664294,-0.49160076987557094,3,1,1,0,0.0,-1.1828901636124245,-0.26940332082652924,-1.5576560802420594
3,-0.04337134739788929,-0.7383511484019587,-1.1769260707389673,3,1,1,0,0.0,-1.1828901636124245,-0.26940332082652924,-1.5576560802420594
5,-0.3547465187565516,-0.3153044445679219,0.7419847716785426,1,1,1,2,0.0,0.0009104518926064284,1.208394469559106,0.30371224478074144
5,0.5793789953194354,0.4461796223333444,0.46785465133318405,3,1,1,2,0.0,0.5764390490051587,-0.4746530139356456,0.08498002225502059
5,1.8248796807540848,0.8542952660320623,-1.5881212512570053,3,1,1,0,0.0,0.4920617710915021,-0.17909345585851852,0.08498002225502059
3,-0.04337134739788929,-0.8378965263241301,0.1937245309878255,3,1,1,0,0.0,-1.1828901636124245,-0.26940332082652924,-1.5576560802420594
5,-2.2229975469085255,-1.484904155167906,0.1937245309878255,3,1,1,0,0.0,-1.7433064124419342,-1.4188016022375824,-1.6348556881923137
1,0.8907541666780977,2.4967118809171462,-0.08040558935753307,1,1,1,0,0.0,1.549296469726049,1.1016646291423664,1.3759290218676083
8,0.8907541666780977,1.2524568696405676,1.5643751327146183,1,1,1,2,0.0,-0.4373476483156387,1.7748836225402682,0.8012208293490476
3,1.5135045093954225,0.13262735949164653,-1.3139911309116465,3,1,1,0,0.0,-0.3768982551834673,-0.9262023387757021,-0.3910842267715483
5,0.5793789953194354,0.00820185836398863,-0.9027959503936088,3,1,1,0,0.0,-0.4373476483156387,-0.7537925965640436,-0.7685045323061254
5,-0.3547465187565516,0.3814783617469623,2.3593524817161584,1,1,1,0,0.0,0.0009104518926064284,1.6188938557773387,0.30371224478074144
5,-0.6661216901152139,-0.09133854253813768,0.46785465133318405,1,1,1,1,0.0,0.9328385960135881,0.05899618814805572,0.30371224478074144
5,1.2021293380367601,0.6800995644533412,-1.3962301670152542,3,1,1,0,0.0,0.4920617710915021,-0.4418130630381877,0.08498002225502059
3,-0.9774968614738763,-0.9125468499806797,-0.6286658300482503,3,1,1,2,0.0,0.309454229338067,-0.8769424124295152,0.08498002225502059
5,0.26800382396077305,-0.3153044445679219,1.5643751327146183,3,1,1,0,0.0,-0.4373476483156387,-0.7537925965640436,-0.7685045323061254
5,-0.3547465187565516,0.05796708179500668,1.0161148920239012,1,1,1,2,0.0,0.0009104518926064284,1.6188938557773387,0.30371224478074144
1,-0.9774968614738763,-1.1365127520104639,0.1937245309878255,1,1,1,2,0.0,-0.3768982551834673,-1.1725019705066422,0.951331178141209
5,-0.6661216901152139,-1.260938253138122,0.1937245309878255,3,1,1,0,0.0,-1.7433064124419342,-1.4188016022375824,-1.6348556881923137
9,1.2021293380367601,1.4067444910388633,-0.9850349864972163,1,1,1,0,0.0,0.8824641017367785,-1.0575621423655366,1.3759290218676083
5,-1.2888720328325387,-1.2858233533636534,0.46785465133318405,3,1,1,2,0.0,-1.7433064124419342,-1.4188016022375824,-1.6348556881923137
5,-2.2229975469085255,-1.435133954716843,1.5643751327146183,3,1,1,3,0.0,-1.7433064124419342,-1.4188016022375824,-1.6348556881923137
7,-0.04337134739788929,-0.8627766495296166,1.5643751327146183,1,1,1,0,0.0,0.0009104518926064284,0.7157952060972286,0.30371224478074144
5,-0.6661216901152139,-1.310708453589185,0.1937245309878255,3,1,1,0,0.0,-1.7433064124419342,-1.4188016022375824,-1.6348556881923137
5,-2.534372718267188,-1.659099856746627,1.0161148920239012,3,1,1,2,0.0,-1.7433064124419342,-1.4188016022375824,-1.6348556881923137
5,-0.04337134739788929,0.33170816129589914,1.5643751327146183,1,1,1,2,0.0,0.0009104518926064284,1.6188938557773387,0.30371224478074144
0,-0.3547465187565516,-0.5143852463721745,-0.35453570970289167,1,1,1,0,0.0,0.18351799364604243,0.5515954516099361,0.30371224478074144
1,-0.9774968614738763,-1.0867425515594007,1.7014401928872978,1,1,1,2,0.0,-0.3768982551834673,-1.1725019705066422,0.951331178141209
4,-0.6661216901152139,-0.8627766495296166,1.2902450123692597,1,1,1,2,0.0,-0.5658026087215042,-0.5157029525574695,1.217240938858752
3,0.8907541666780977,-0.43972994569557977,-1.039861010566288,3,1,1,0,0.0,-1.1828901636124245,-0.26940332082652924,-1.5576560802420594
3,-0.3547465187565516,-0.7632362486274903,1.2902450123692597,3,1,1,2,0.0,-0.3737498492911669,-1.3284917372695717,-0.3910842267715483
3,-0.04337134739788929,-0.7383511484019587,0.46785465133318405,3,1,1,0,0.0,-1.1828901636124245,-0.26940332082652924,-1.5576560802420594
1,0.26800382396077305,0.7597318851750423,1.2902450123692597,1,1,1,0,0.0,1.549296469726049,1.1016646291423664,1.3759290218676083
3,1.5135045093954225,0.5059038628746202,-0.08040558935753307,3,1,1,0,0.0,0.495839858162263,-1.0575621423655366,0.08498002225502059
1,1.2021293380367601,1.5013078718958832,-0.27229667359928406,1,1,1,0,0.0,1.5725946733290728,1.2904943468027537,1.3759290218676083
5,-0.9774968614738763,-1.246007193002803,-0.6286658300482503,3,1,1,3,0.0,-1.7433064124419342,-1.4188016022375824,-1.6348556881923137
5,0.5793789953194354,-0.3401895447934535,-0.42663193135372096,0,1,1,0,0.0,-0.6917388444135287,0.4202356480201015,0.08069115514667312
3,-0.9774968614738763,-0.9872021506572745,0.7693977837130785,3,1,1,2,0.0,0.309454229338067,-0.8769424124295152,0.08498002225502059
5,-0.3547465187565516,-0.7632362486274903,0.46785465133318405,1,1,1,0,0.0,-0.002867635178154452,1.4546941012900463,0.30371224478074144
5,0.5793789953194354,-0.3899597452445166,0.46785465133318405,0,1,1,0,0.0,-0.7735973976133446,0.4202356480201015,0.08069115514667312
5,-0.9774968614738763,-1.3355935538147166,-0.08040558935753307,3,1,1,3,0.0,-1.7433064124419342,-1.4188016022375824,-1.6348556881923137
5,-0.3547465187565516,-0.5143852463721745,1.5643751327146183,1,1,1,0,0.0,-0.002867635178154452,1.4546941012900463,0.30371224478074144
5,0.8907541666780977,0.5556690863056383,-1.1769260707389673,3,1,1,0,0.0,0.4920617710915021,0.46949557436628836,0.08498002225502059
3,0.26800382396077305,-0.24064914389132716,-1.1769260707389673,3,1,1,0,0.0,-0.3737498492911669,-1.3284917372695717,-0.3910842267715483
6,1.2021293380367601,-0.016683241861542946,-1.1769260707389673,3,1,1,0,0.0,-0.4398663730294796,1.2987043345271196,-0.764215665197778
9,-0.6661216901152139,-0.5890405470487693,1.5643751327146183,1,1,1,2,0.0,1.8647667401345698,-0.7291626333909517,1.804815732702355
5,-0.3547465187565516,-0.48950014614664294,1.0161148920239012,1,1,1,2,0.0,-0.002867635178154452,1.4546941012900463,0.30371224478074144
6,1.2021293380367601,-0.190878943440264,-1.1248413478733492,3,0,1,0,0.0,-1.3050483122336887,-0.5895928420767512,-1.6219890868672715
3,0.5793789953194354,1.5013078718958832,1.0161148920239012,1,1,1,0,0.0,0.9284308277643677,0.9128349114819789,0.9384645768161666
5,0.26800382396077305,0.00820185836398863,-1.1083935406526277,3,1,1,0,0.0,-0.4373476483156387,-0.7537925965640436,-0.7685045323061254
5,-0.9774968614738763,-1.0867425515594007,0.1937245309878255,3,1,1,0,0.0,-0.4335695612448787,-0.4171830998650928,-0.7685045323061254
5,-0.04337134739788929,-0.04156834208707452,0.7419847716785426,1,1,1,2,0.0,0.0009104518926064284,1.208394469559106,0.30371224478074144
5,-0.9774968614738763,-1.375409714175567,1.2902450123692597,3,1,1,1,0.0,-1.7433064124419342,-1.4188016022375824,-1.6348556881923137
3,-0.6661216901152139,-0.3401895447934535,-0.6286658300482503,1,1,1,2,0.0,1.008400337428803,1.2904943468027537,0.9384645768161666
3,-0.9774968614738763,-0.9125468499806797,1.0161148920239012,3,1,1,3,0.0,0.309454229338067,-0.8769424124295152,0.08498002225502059
3,-0.3547465187565516,-0.7383511484019587,-0.5702761144146888,3,1,1,0,0.0,-1.1828901636124245,-0.26940332082652924,-1.5576560802420594
5,-1.2888720328325387,-1.0867425515594007,-0.27229667359928406,3,1,1,2,0.0,0.7439342424755513,-0.26940332082652924,0.08498002225502059
5,1.5135045093954225,0.7846169854005739,-1.451056191084326,3,1,1,0,0.0,0.4920617710915021,-0.343293210345811,0.08498002225502059
5,0.5793789953194354,0.754754865129936,-0.7109048661518578,3,1,1,0,0.0,0.5764390490051587,-0.4746530139356456,0.08498002225502059
7,0.26800382396077305,0.25705286061930444,-0.16264462546114064,1,1,1,0,0.0,0.9265417842289873,1.2904943468027537,0.30371224478074144
5,-0.04337134739788929,0.3565932615214307,-0.08040558935753307,1,1,1,0,0.0,0.0009104518926064284,1.6188938557773387,0.30371224478074144
3,0.26800382396077305,0.754754865129936,-0.6286658300482503,1,1,1,0,0.0,0.9284308277643677,0.9128349114819789,0.9384645768161666
3,0.26800382396077305,0.754754865129936,2.6608956140960527,1,1,1,2,0.0,0.9284308277643677,0.9128349114819789,0.9384645768161666
9,-0.3547465187565516,-0.5890405470487693,0.7419847716785426,1,1,1,3,0.0,-0.005386359891994443,0.5269654884368412,0.09355775647171552
3,-0.3547465187565516,-0.8627766495296166,0.33078959116050477,3,1,1,2,0.0,-1.1828901636124245,-0.26940332082652924,-1.5576560802420594
9,0.8907541666780977,1.0036058673852517,-0.9302089624281447,1,1,1,0,0.0,2.1729956769908005,0.46949557436628836,1.3759290218676083
1,0.26800382396077305,0.754754865129936,2.0578093493362637,1,1,1,0,0.0,1.549296469726049,1.1016646291423664,1.3759290218676083
6,-0.6661216901152139,0.25705286061930444,0.46785465133318405,1,1,1,0,0.0,0.6179980067835267,-1.279231810923382,1.217240938858752
8,0.8907541666780977,0.754754865129936,-0.6286658300482503,1,1,1,0,0.0,-0.43671796713717914,1.7748836225402682,0.8012208293490476
3,0.8907541666780977,-0.2904193443423903,-0.9027959503936088,3,1,1,0,0.0,-1.1828901636124245,-0.26940332082652924,-1.5576560802420594
9,-0.3547465187565516,-0.24064914389132716,0.1937245309878255,1,1,1,2,0.0,-0.005386359891994443,0.5269654884368412,0.09355775647171552
5,1.2021293380367601,1.4764227716703517,-0.6286658300482503,3,1,1,0,0.0,0.4920617710915021,0.46949557436628836,0.08498002225502059
5,0.26800382396077305,-0.6388107474998324,-0.6286658300482503,3,1,1,0,0.0,-1.680338294595922,1.0770346659692716,-1.6348556881923137
5,0.8907541666780977,1.1778015689639727,1.5643751327146183,3,1,0,0,0.0,0.4920617710915021,-0.17909345585851852,0.08498002225502059
6,-0.6661216901152139,-0.6636958477253639,0.11148549488421793,1,1,1,2,0.0,-0.6841826702720074,1.3561742485976696,1.217240938858752
5,-0.04337134739788929,1.0036058673852517,-0.35453570970289167,1,1,1,0,0.0,0.0009104518926064284,1.6188938557773387,0.30371224478074144
8,0.26800382396077305,0.6303293640022781,0.46785465133318405,1,1,1,2,0.0,-0.43671796713717914,1.7748836225402682,0.8012208293490476
5,-0.6661216901152139,-0.9872021506572745,-0.35453570970289167,3,1,1,2,0.0,-1.7433064124419342,-1.4188016022375824,-1.6348556881923137
3,-0.04337134739788929,-0.7881213488530219,0.1937245309878255,3,1,1,0,0.0,-1.1828901636124245,-0.26940332082652924,-1.5576560802420594
3,-0.04337134739788929,-0.9125468499806797,-0.6286658300482503,3,1,1,0,0.0,-1.1828901636124245,-0.26940332082652924,-1.5576560802420594
6,0.8907541666780977,-0.3401895447934535,-1.1769260707389673,3,1,1,0,0.0,-0.4398663730294796,1.2987043345271196,-0.764215665197778
3,-0.9774968614738763,-0.6786269078606829,-0.17939397581424205,3,0,1,0,0.0,0.309454229338067,-0.8769424124295152,0.08498002225502059
7,1.2021293380367601,0.6800995644533412,-0.9027959503936088,3,1,1,0,0.0,0.6305916303527294,-0.9262023387757021,0.09355775647171552
3,-1.2888720328325387,-1.2758693132734409,-0.3764661193305203,3,1,1,2,0.0,-0.3737498492911669,-1.3284917372695717,-0.3910842267715483
5,-1.600247204191201,-1.3604786540402483,2.1400483854398713,3,1,1,2,0.0,-1.7433064124419342,-1.4188016022375824,-1.6348556881923137
5,-0.04337134739788929,0.30681808405032246,0.05665947081514621,1,1,1,2,0.0,0.0009104518926064284,1.6188938557773387,0.30371224478074144
5,-0.04337134739788929,0.18239258292266458,1.2902450123692597,1,1,1,2,0.0,0.0009104518926064284,1.6188938557773387,0.30371224478074144
3,0.5793789953194354,1.8994694755043886,-0.7657308902209295,1,1,1,0,0.0,0.9284308277643677,0.9128349114819789,0.9384645768161666
3,0.8907541666780977,1.2524568696405676,-0.08040558935753307,1,1,1,0,0.0,0.9284308277643677,0.9128349114819789,0.9384645768161666
5,0.5793789953194354,0.30681808405032246,-0.9850349864972163,3,1,1,0,0.0,-0.4373476483156387,1.3725942240464015,-0.7685045323061254
5,1.8248796807540848,0.8941114263929127,-1.5881212512570053,3,1,1,0,0.0,0.4920617710915021,-0.17909345585851852,0.08498002225502059
4,-0.04337134739788929,-0.7383511484019587,1.2902450123692597,1,1,1,0,0.0,-0.5658026087215042,-0.5157029525574695,1.217240938858752
6,-0.04337134739788929,0.5059038628746202,1.5643751327146183,1,1,1,0,0.0,0.6179980067835267,-0.8030525229102334,1.217240938858752
6,-0.04337134739788929,0.6054442637767465,1.5643751327146183,1,1,1,0,0.0,0.6179980067835267,-0.8030525229102334,1.217240938858752
3,-1.600247204191201,-1.186282952461527,-0.7657308902209295,3,1,1,0,0.0,-0.3737498492911669,-1.3284917372695717,-0.3910842267715483
3,-0.6661216901152139,-0.7383511484019587,-0.5028949308337997,3,0,1,0,0.0,-1.1828901636124245,-0.26940332082652924,-1.5576560802420594
5,0.26800382396077305,0.00820185836398863,-0.3570851198221035,3,0,1,0,0.0,-0.4373476483156387,0.1657260285647954,-0.7685045323061254
5,-0.3547465187565516,-0.1361317229440945,0.11373336187104986,3,0,1,2,0.0,0.4920617710915021,-0.17909345585851852,0.08498002225502059
1,0.5793789953194354,0.8542952660320623,1.3691670740166886,1,0,1,2,0.0,1.5725946733290728,1.2904943468027537,1.3759290218676083
5,0.8907541666780977,-0.24064914389132716,-1.1769260707389673,3,1,1,2,0.0,-0.4373476483156387,1.3725942240464015,-0.7685045323061254
6,0.5793789953194354,-0.6388107474998324,-0.9027959503936088,3,1,1,3,0.0,-0.4398663730294796,1.2987043345271196,-0.764215665197778
3,-0.3547465187565516,-0.8130064490785535,-0.6286658300482503,3,1,1,2,0.0,-1.1828901636124245,-0.26940332082652924,-1.5576560802420594
5,0.5793789953194354,0.5059038628746202,-0.08040558935753307,3,1,1,0,0.0,0.4920617710915021,-0.8441024615320573,0.08498002225502059
5,-0.6661216901152139,-0.8876617497551482,1.3176580244037956,3,1,1,0,0.0,-1.7433064124419342,-1.4188016022375824,-1.6348556881923137
5,-0.04337134739788929,-0.09133854253813768,0.1937245309878255,1,1,1,2,0.0,0.0009104518926064284,1.6188938557773387,0.30371224478074144
5,-1.2888720328325387,-1.186282952461527,1.0161148920239012,3,1,1,3,0.0,-0.4335695612448787,-0.4171830998650928,-0.7685045323061254
3,0.8907541666780977,-0.2953963643874966,-1.039861010566288,3,1,1,0,0.0,-0.3737498492911669,-0.9262023387757021,-0.7685045323061254
5,-0.04337134739788929,-0.24064914389132716,-1.3139911309116465,3,1,1,0,0.0,-0.4373476483156387,-0.7537925965640436,-0.7685045323061254
5,1.2021293380367601,0.9040654664831255,-1.451056191084326,3,1,1,0,0.0,-0.4373476483156387,1.3725942240464015,-0.7685045323061254
7,0.8907541666780977,0.30681808405032246,0.46785465133318405,1,1,1,0,0.0,0.0009104518926064284,1.24944440818093,0.30371224478074144
5,-0.3547465187565516,0.6303293640022781,1.454723084576475,1,1,1,2,0.0,0.0009104518926064284,1.6188938557773387,0.30371224478074144
9,0.26800382396077305,0.754754865129936,1.5643751327146183,1,1,1,2,0.0,1.8395794929961655,-0.8933623878782442,1.3759290218676083
5,-1.2888720328325387,-1.1613978522359956,-1.1769260707389673,3,1,1,0,0.0,-1.7433064124419342,-1.4188016022375824,-1.6348556881923137
3,-0.04337134739788929,-0.9374319502062113,0.1937245309878255,3,1,1,0,0.0,-1.1828901636124245,-0.26940332082652924,-1.5576560802420594
6,0.5793789953194354,1.2524568696405676,-0.9027959503936088,1,1,1,0,0.0,2.17016211168773,-1.4680615285837693,1.217240938858752
6,1.5135045093954225,-0.04156834208707452,-1.039861010566288,3,1,1,0,0.0,-0.4398663730294796,1.2987043345271196,-0.764215665197778
3,-1.9116223755498634,-1.3355935538147166,1.5643751327146183,3,1,1,2,0.0,-0.3737498492911669,-1.3284917372695717,-0.3910842267715483
3,0.8907541666780977,-0.6388107474998324,-1.0003314472124873,3,1,1,0,0.0,-0.3737498492911669,-0.9262023387757021,-0.7685045323061254
5,-1.2888720328325387,-1.3355935538147166,-0.9576219744626805,3,1,1,2,0.0,-1.7433064124419342,-1.4188016022375824,-1.6348556881923137
5,-2.84574788962585,-1.7088700571976903,-0.6560788420827861,3,1,1,0,0.0,-1.7433064124419342,-1.4188016022375824,-1.6348556881923137
5,0.8907541666780977,0.3814783617469623,-1.1769260707389673,3,1,0,0,0.0,-0.4398663730294796,-0.7537925965640436,-0.7685045323061254
5,1.5135045093954225,1.2524568696405676,-1.3139911309116465,3,1,0,0,0.0,0.4920617710915021,0.46949557436628836,0.08498002225502059
5,0.26800382396077305,0.20728266016824126,-0.9027959503936088,3,1,1,0,0.0,0.4920617710915021,-0.8441024615320573,0.08498002225502059
5,1.8248796807540848,1.0036058673852517,-1.5881212512570053,3,1,1,0,0.0,0.4920617710915021,-0.17909345585851852,0.08498002225502059
1,-0.9774968614738763,-0.962322027451788,2.3045264576470865,1,1,1,0,0.0,-0.3768982551834673,-1.1725019705066422,0.951331178141209
3,-1.600247204191201,-0.43972994569557977,1.5643751327146183,1,1,1,2,0.0,1.008400337428803,1.2904943468027537,0.9384645768161666
5,-2.84574788962585,-1.435133954716843,-0.33260530007526296,3,0,1,2,0.0,-1.7433064124419342,-1.4188016022375824,-1.6348556881923137
5,1.5135045093954225,0.9787207671597201,-1.326381812351257,3,0,1,0,0.0,0.4920617710915021,-0.17909345585851852,0.08498002225502059
1,1.2021293380367601,2.4967118809171462,-0.49785093661944513,1,0,1,2,0.0,1.5725946733290728,1.2904943468027537,1.3759290218676083
3,-0.04337134739788929,0.754754865129936,0.35820260319504066,1,0,1,0,0.0,0.9284308277643677,0.9128349114819789,0.9384645768161666
5,0.8907541666780977,1.1280313685129095,0.1937245309878255,1,0,1,0,0.0,0.0009104518926064284,1.6188938557773387,0.30371224478074144
5,-0.04337134739788929,0.3565932615214307,0.7145717596440068,1,0,1,0,0.0,0.0009104518926064284,1.208394469559106,0.30371224478074144
5,-0.3547465187565516,-0.09133854253813768,-0.16264462546114064,1,1,1,0,0.0,0.0009104518926064284,1.208394469559106,0.30371224478074144
3,0.5793789953194354,-0.6139256472743008,-0.3764661193305203,3,1,1,0,0.0,-1.1828901636124245,-0.26940332082652924,-1.5576560802420594
3,-1.9116223755498634,-0.9872021506572745,-0.08040558935753307,3,1,1,2,0.0,-0.3737498492911669,-1.3284917372695717,-0.3910842267715483
5,1.2021293380367601,-0.06645344231260611,-0.35453570970289167,3,1,1,0,0.0,-0.4373476483156387,1.3725942240464015,-0.7685045323061254
3,1.5135045093954225,0.6104212838218528,-1.6426731452057315,3,1,0,0,0.0,-0.3768982551834673,-0.9262023387757021,-0.3910842267715483
7,-1.2888720328325387,-1.0867425515594007,0.46785465133318405,1,1,1,0,0.0,0.9328385960135881,-0.25298334537780026,0.30371224478074144
5,-2.2229975469085255,-1.2858233533636534,-0.7657308902209295,3,1,1,2,0.0,-1.7433064124419342,-1.4188016022375824,-1.6348556881923137
1,0.26800382396077305,1.2524568696405676,1.2902450123692597,1,1,1,2,0.0,1.549296469726049,1.1016646291423664,1.3759290218676083
5,0.5793789953194354,1.103146268287378,-0.7383178781863936,3,1,1,0,0.0,0.5764390490051587,-0.4746530139356456,0.08498002225502059
1,1.2021293380367601,2.048780076857578,-0.9027959503936088,1,1,1,2,0.0,1.5725946733290728,1.2904943468027537,1.3759290218676083
7,0.8907541666780977,0.00820185836398863,0.6049197115058633,1,1,1,0,0.0,0.9265417842289873,-0.638852768422941,0.30371224478074144
5,-0.04337134739788929,-0.48950014614664294,-0.08040558935753307,3,1,1,2,0.0,-0.4373476483156387,-0.7537925965640436,-0.7685045323061254
5,0.26800382396077305,-1.1365127520104639,-1.1769260707389673,3,1,1,3,0.0,-1.680338294595922,1.0770346659692716,-1.6348556881923137
5,-2.84574788962585,-1.5844445560700324,0.7419847716785426,3,1,0,2,0.0,-1.7433064124419342,-1.4188016022375824,-1.6348556881923137
9,-0.9774968614738763,-0.8627766495296166,0.7419847716785426,1,1,1,0,0.0,1.8647667401345698,-0.7291626333909517,1.804815732702355
3,0.8907541666780977,0.5556690863056383,0.7419847716785426,3,1,1,0,0.0,0.495839858162263,-1.0575621423655366,0.08498002225502059
5,0.26800382396077305,-0.7632362486274903,-0.7188546396418732,3,1,1,2,0.0,-1.680338294595922,1.0770346659692716,-1.6348556881923137
5,-0.04337134739788929,-0.14110874298920084,-0.9027959503936088,1,1,1,0,0.0,-0.002867635178154452,1.4546941012900463,0.30371224478074144
5,0.8907541666780977,0.9040654664831255,-1.1769260707389673,3,1,1,0,0.0,0.5739203242913179,-0.02310368909559198,0.08498002225502059
5,-0.3547465187565516,-1.0618574513338692,0.6049197115058633,3,1,1,0,0.0,-1.680338294595922,1.0770346659692716,-1.6348556881923137
5,1.2021293380367601,1.1280313685129095,-0.35453570970289167,3,1,0,0,0.0,0.4920617710915021,0.46949557436628836,0.08498002225502059
5,0.8907541666780977,-0.04156834208707452,-1.039861010566288,3,1,1,0,0.0,-0.4373476483156387,-0.7537925965640436,-0.7685045323061254
3,-0.9774968614738763,-0.09133854253813768,2.386765493750694,1,1,1,1,0.0,1.008400337428803,1.2904943468027537,0.9384645768161666
5,-0.3547465187565516,-0.9374319502062113,-0.35453570970289167,3,1,1,2,0.0,-1.680338294595922,1.0770346659692716,-1.6348556881923137
5,-0.6661216901152139,-0.6388107474998324,0.46785465133318405,1,1,1,3,0.0,-0.002867635178154452,1.4546941012900463,0.30371224478074144
3,-0.04337134739788929,-0.8876617497551482,0.8242238077821502,3,1,1,2,0.0,-1.1828901636124245,-0.26940332082652924,-1.5576560802420594
3,0.5793789953194354,-0.5890405470487693,-0.08040558935753307,3,1,1,0,0.0,-1.1828901636124245,-0.26940332082652924,-1.5576560802420594
3,1.2021293380367601,1.6008482727980096,-0.35453570970289167,1,1,1,2,0.0,0.9284308277643677,-0.1955134313072475,0.9384645768161666
1,0.8907541666780977,1.999009876406515,-0.08040558935753307,1,1,1,0,0.0,1.549296469726049,1.1016646291423664,1.3759290218676083
3,-0.6661216901152139,-0.6636958477253639,-1.1769260707389673,3,1,1,3,0.0,-0.3737498492911669,-1.3284917372695717,-0.3910842267715483
5,-1.2888720328325387,-1.310708453589185,0.7419847716785426,3,1,1,3,0.0,-1.7433064124419342,-1.4188016022375824,-1.6348556881923137
9,-0.6661216901152139,-0.24064914389132716,0.30337657912596894,1,1,1,2,0.0,-0.005386359891994443,0.5269654884368412,0.09355775647171552
5,-2.534372718267188,-1.5595594558445007,-0.08040558935753307,3,1,1,2,0.0,-1.7433064124419342,-1.4188016022375824,-1.6348556881923137
5,0.5793789953194354,-0.5392703465977061,-1.3139911309116465,3,1,1,0,0.0,-1.680338294595922,1.0770346659692716,-1.6348556881923137
5,1.8248796807540848,-0.6636958477253639,0.1937245309878255,3,1,1,2,0.0,-0.43671796713717914,0.29708583215462997,-0.7685045323061254
7,1.2021293380367601,0.30681808405032246,-0.35453570970289167,3,1,1,0,0.0,0.6305916303527294,-0.9262023387757021,0.09355775647171552
5,-0.3547465187565516,-0.016683241861542946,0.1937245309878255,1,1,1,2,0.0,0.0009104518926064284,1.6188938557773387,0.30371224478074144
5,-0.9774968614738763,-0.5392703465977061,1.2902450123692597,1,1,1,2,0.0,-0.005386359891994443,-0.26940332082652924,0.30371224478074144
9,-0.04337134739788929,-0.48950014614664294,0.5775066994713275,1,1,1,2,0.0,0.9139481606597847,-1.0575621423655366,1.3759290218676083
3,-0.9774968614738763,-0.9872021506572745,-0.08040558935753307,3,1,1,2,0.0,0.309454229338067,-0.8769424124295152,0.08498002225502059
5,-0.04337134739788929,0.33170816129589914,0.7419847716785426,1,1,1,0,0.0,0.0009104518926064284,1.6188938557773387,0.30371224478074144
3,-1.2888720328325387,-1.2360531529125902,1.6542349861638268,3,1,1,2,0.0,0.309454229338067,-0.8769424124295152,0.08498002225502059
3,0.26800382396077305,1.1280313685129095,0.7419847716785426,1,1,1,0,0.0,0.9284308277643677,-0.1955134313072475,0.9384645768161666
1,-0.6661216901152139,-0.8876617497551482,1.2902450123692597,1,1,1,0,0.0,-0.3768982551834673,-1.1725019705066422,0.951331178141209
1,-0.3547465187565516,-0.7383511484019587,1.2902450123692597,1,1,1,0,0.0,-0.3706014433988664,-1.1725019705066422,0.951331178141209
7,1.2021293380367601,0.8791803662575939,0.1937245309878255,1,1,1,0,0.0,0.9265417842289873,-0.638852768422941,0.30371224478074144
5,0.5793789953194354,-0.6786269078606829,-0.35453570970289167,3,1,1,0,0.0,-1.680338294595922,1.0770346659692716,-1.6348556881923137
3,1.2021293380367601,-0.49447716619174925,-0.8205569142900012,3,1,1,0,0.0,-1.1828901636124245,-0.26940332082652924,-1.5576560802420594
5,0.26800382396077305,-0.7383511484019587,-0.9987414925144843,3,1,1,0,0.0,-1.680338294595922,1.0770346659692716,-1.6348556881923137
5,-0.3547465187565516,-0.190878943440264,0.1937245309878255,1,1,1,3,0.0,0.0009104518926064284,1.6188938557773387,0.30371224478074144
3,0.8907541666780977,1.0036058673852517,-0.08040558935753307,1,1,1,0,0.0,0.9284308277643677,0.9128349114819789,0.9384645768161666
9,-0.9774968614738763,-0.48950014614664294,0.46785465133318405,1,1,1,2,0.0,1.8647667401345698,-0.7291626333909517,1.804815732702355
3,-0.6661216901152139,-1.0618574513338692,-0.35453570970289167,3,1,1,2,0.0,-1.1828901636124245,-0.26940332082652924,-1.5576560802420594
6,0.8907541666780977,-0.190878943440264,-1.039861010566288,3,1,1,0,0.0,-0.4398663730294796,1.2987043345271196,-0.764215665197778
5,-0.04337134739788929,-0.9374319502062113,0.1937245309878255,3,1,1,0,0.0,-0.4335695612448787,-0.4171830998650928,-0.7685045323061254
9,0.5793789953194354,0.8045250655809991,-0.35453570970289167,1,1,1,0,0.0,0.9265417842289873,-1.0575621423655366,1.3759290218676083
8,-0.6661216901152139,-0.48950014614664294,0.7419847716785426,1,1,1,0,0.0,-0.4335695612448787,1.7748836225402682,0.8012208293490476
5,0.26800382396077305,-0.6388107474998324,-1.1221000466698956,3,1,1,0,0.0,-1.680338294595922,1.0770346659692716,-1.6348556881923137
0,-0.3547465187565516,-0.9872021506572745,0.46785465133318405,1,1,1,0,0.0,0.18351799364604243,0.5515954516099361,0.30371224478074144
7,1.2021293380367601,2.297631079112894,-0.08040558935753307,1,1,1,0,0.0,2.1733105175800302,0.05899618814805572,1.3716401547592607
5,-0.3547465187565516,-0.7881213488530219,2.167461397474407,1,1,1,2,0.0,-0.002867635178154452,1.4546941012900463,0.30371224478074144
1,1.2021293380367601,2.2478608786618306,0.7419847716785426,1,1,1,0,0.0,1.5725946733290728,1.2904943468027537,1.3759290218676083
1,-0.9774968614738763,-1.2111680526870587,0.46785465133318405,1,1,1,3,0.0,-0.3768982551834673,-1.1725019705066422,0.951331178141209
3,-0.9774968614738763,-0.6388107474998324,1.7014401928872978,1,1,1,0,0.0,1.008400337428803,1.2904943468027537,0.9384645768161666
5,0.26800382396077305,1.0533760678363149,-0.8205569142900012,3,1,1,0,0.0,1.0776652670594162,-0.5731728666280222,0.8398206333241749
5,-2.2229975469085255,-1.310708453589185,-0.08040558935753307,3,1,1,0,0.0,-1.7433064124419342,-1.4188016022375824,-1.6348556881923137
5,-0.6661216901152139,-0.8876617497551482,0.1937245309878255,1,1,1,2,0.0,-0.002867635178154452,1.4546941012900463,0.30371224478074144
5,0.8907541666780977,1.103146268287378,-1.2184841969833238,3,1,1,0,0.0,0.4920617710915021,-0.4418130630381877,0.08498002225502059
5,-1.2888720328325387,-1.0867425515594007,-1.039861010566288,3,1,1,2,0.0,-1.7433064124419342,-1.4188016022375824,-1.6348556881923137
9,-0.3547465187565516,-0.7383511484019587,1.5643751327146183,1,1,1,3,0.0,-0.005386359891994443,0.5269654884368412,0.09355775647171552
5,0.8907541666780977,0.4063634619724939,-0.21747064953021236,3,1,1,0,0.0,0.5764390490051587,-0.4746530139356456,0.08498002225502059
3,-0.6661216901152139,-0.09133854253813768,-0.35453570970289167,1,1,1,2,0.0,0.9303198712997481,0.3873956971226407,0.9384645768161666
5,0.5793789953194354,-0.3401895447934535,0.46785465133318405,3,1,1,2,0.0,-0.4373476483156387,-0.7537925965640436,-0.7685045323061254
3,-0.3547465187565516,-0.9125468499806797,-0.4367747458064992,3,1,1,2,0.0,-1.1828901636124245,-0.26940332082652924,-1.5576560802420594
3,-0.3547465187565516,-0.09133854253813768,1.2902450123692597,1,1,1,2,0.0,0.9303198712997481,-0.12983352951233165,0.9384645768161666
5,-1.9116223755498634,-1.3853637542657797,0.46785465133318405,3,1,1,3,0.0,-1.7433064124419342,-1.4188016022375824,-1.6348556881923137
1,1.2021293380367601,2.745562883172462,-0.9850349864972163,1,0,1,0,0.0,1.549296469726049,1.1016646291423664,1.3759290218676083
1,-0.04337134739788929,0.5059038628746202,1.8933312771290487,1,0,1,2,0.0,0.9983254385734414,1.0441947150718136,1.3759290218676083
3,0.5793789953194354,1.2524568696405676,-1.451056191084326,1,1,1,0,0.0,0.9284308277643677,0.9128349114819789,0.9384645768161666
9,-0.9774968614738763,-0.5143852463721745,0.05665947081514621,1,1,1,2,0.0,1.8647667401345698,-0.7291626333909517,1.804815732702355
5,0.8907541666780977,0.25705286061930444,-1.451056191084326,3,1,0,0,0.0,-0.4373476483156387,1.3725942240464015,-0.7685045323061254
3,-0.6661216901152139,-0.48950014614664294,0.46785465133318405,1,1,1,2,0.0,0.9303198712997481,0.3873956971226407,0.9384645768161666
6,0.5793789953194354,-0.8130064490785535,-0.08040558935753307,3,1,1,0,0.0,-0.4398663730294796,1.2987043345271196,-0.764215665197778
5,-0.6661216901152139,-0.365074645018985,0.7419847716785426,1,1,1,0,0.0,0.0009104518926064284,1.208394469559106,0.30371224478074144
5,-0.04337134739788929,0.10774225926611494,0.7419847716785426,1,1,1,0,0.0,0.0009104518926064284,1.6188938557773387,0.30371224478074144
5,-0.04337134739788929,-0.8378965263241301,-0.08040558935753307,3,1,1,2,0.0,-0.4335695612448787,-0.4171830998650928,-0.7685045323061254
5,-0.3547465187565516,-0.11622364276366925,0.46785465133318405,1,1,1,1,0.0,0.0009104518926064284,1.6188938557773387,0.30371224478074144
3,1.2021293380367601,0.8791803662575939,-0.9027959503936088,3,1,1,0,0.0,-0.3768982551834673,-0.9262023387757021,-0.3910842267715483
3,-1.2888720328325387,-0.3899597452445166,1.9755703132326563,1,1,1,2,0.0,1.008400337428803,1.2904943468027537,0.9384645768161666
6,0.5793789953194354,-0.4148448454700482,-0.08040558935753307,3,1,1,2,0.0,-0.4398663730294796,1.2987043345271196,-0.764215665197778
5,0.26800382396077305,-0.24064914389132716,-0.9302089624281447,3,1,1,0,0.0,-0.4373476483156387,1.3725942240464015,-0.7685045323061254
5,1.2021293380367601,0.26700192368947195,-0.9027959503936088,3,1,0,2,0.0,-0.4373476483156387,1.3725942240464015,-0.7685045323061254
5,0.26800382396077305,0.25705286061930444,-0.7657308902209295,3,1,1,2,0.0,0.5745500054697783,-0.8441024615320573,0.08498002225502059
5,-0.04337134739788929,-0.43972994569557977,-0.7657308902209295,3,1,1,2,0.0,-0.4373476483156387,-0.7537925965640436,-0.7685045323061254
5,-2.2229975469085255,-1.2360531529125902,-0.35453570970289167,3,1,1,3,0.0,-1.7433064124419342,-1.4188016022375824,-1.6348556881923137
1,-0.9774968614738763,-1.186282952461527,1.3450710364383316,1,1,1,2,0.0,-0.3768982551834673,-1.1725019705066422,0.951331178141209
7,-0.6661216901152139,-1.310708453589185,2.277113445612551,1,1,1,0,0.0,-0.25096201949144276,-1.4926914917568643,0.9770643807912938
9,1.8248796807540848,-0.6885809479508955,-0.35453570970289167,1,1,1,0,0.0,0.9139481606597847,-1.0575621423655366,1.3759290218676083
3,0.8907541666780977,0.5059038628746202,-1.039861010566288,3,1,1,0,0.0,0.495839858162263,-1.0575621423655366,0.08498002225502059
6,0.5793789953194354,-0.8876617497551482,-1.1769260707389673,3,1,1,0,0.0,-0.4398663730294796,1.2987043345271196,-0.764215665197778
3,-0.9774968614738763,-0.5890405470487693,1.0161148920239012,1,1,1,2,0.0,1.008400337428803,1.2904943468027537,0.9384645768161666
3,-0.9774968614738763,-0.3899597452445166,2.523830553923373,1,1,1,0,0.0,1.008400337428803,1.2904943468027537,0.9384645768161666
1,-0.6661216901152139,-1.2858233533636534,0.1937245309878255,1,1,1,1,0.0,-0.3768982551834673,-1.1725019705066422,0.951331178141209
5,-0.6661216901152139,-0.43972994569557977,-1.039861010566288,1,1,1,2,0.0,0.9328385960135881,0.05899618814805572,0.30371224478074144
5,-0.6661216901152139,-0.09133854253813768,1.0161148920239012,1,1,1,2,0.0,0.0009104518926064284,1.208394469559106,0.30371224478074144
7,0.26800382396077305,0.3814783617469623,-1.039861010566288,1,1,1,0,0.0,0.0009104518926064284,1.24944440818093,0.30371224478074144
3,-1.2888720328325387,-0.6139256472743008,0.46785465133318405,3,1,1,0,0.0,-0.3737498492911669,-1.3284917372695717,-0.3910842267715483
6,-0.04337134739788929,1.2524568696405676,1.811092241025441,1,1,1,0,0.0,2.17016211168773,-1.4023816267888536,1.217240938858752
9,1.2021293380367601,1.2524568696405676,0.5226806754022558,1,1,0,0,0.0,2.180866691721552,0.2478259058084431,1.3759290218676083
5,0.8907541666780977,0.23216776039377282,-0.6423723360655181,3,1,1,0,0.0,0.4920617710915021,-0.7455826088396806,0.08498002225502059
3,1.2021293380367601,1.750158874151199,-0.6286658300482503,1,1,1,0,0.0,0.9303198712997481,0.9128349114819789,0.9384645768161666
5,-0.6661216901152139,0.13262735949164653,-0.1900576374956765,1,1,1,2,0.0,0.0009104518926064284,1.208394469559106,0.30371224478074144
3,0.8907541666780977,2.2478608786618306,-0.24488366156474822,1,1,1,0,0.0,0.9284308277643677,0.9128349114819789,0.9384645768161666
5,0.5793789953194354,0.00820185836398863,-1.1769260707389673,3,1,1,2,0.0,-0.4373476483156387,-0.7537925965640436,-0.7685045323061254
5,-0.04337134739788929,-0.9573400303866366,1.5643751327146183,3,1,1,2,0.0,-1.680338294595922,1.0770346659692716,-1.6348556881923137
3,-0.04337134739788929,-0.5392703465977061,-0.35453570970289167,3,1,1,0,0.0,-1.1828901636124245,-0.26940332082652924,-1.5576560802420594
5,-1.2888720328325387,-1.1365127520104639,1.0161148920239012,3,1,1,0,0.0,-1.7433064124419342,-1.4188016022375824,-1.6348556881923137
9,-0.6661216901152139,-0.4148448454700482,1.838505253059977,1,1,1,2,0.0,1.8647667401345698,-0.7291626333909517,1.804815732702355
5,-0.9774968614738763,-0.8627766495296166,0.35820260319504066,3,1,1,2,0.0,-0.4335695612448787,-0.4171830998650928,-0.7685045323061254
1,-0.3547465187565516,-0.7383511484019587,-1.039861010566288,1,1,1,0,0.0,-0.3706014433988664,-1.1725019705066422,0.951331178141209
7,-1.2888720328325387,-1.186282952461527,-0.9027959503936088,1,1,1,2,0.0,0.9328385960135881,-0.25298334537780026,0.30371224478074144
5,-0.04337134739788929,-0.8378965263241301,-0.9027959503936088,3,1,1,2,0.0,-1.680338294595922,1.0770346659692716,-1.6348556881923137
5,-0.04337134739788929,0.20728266016824126,0.1937245309878255,1,1,1,2,0.0,0.0009104518926064284,1.208394469559106,0.30371224478074144
3,-0.3547465187565516,-0.365074645018985,0.1937245309878255,3,1,1,0,0.0,0.309454229338067,-0.8769424124295152,0.08498002225502059
5,-2.534372718267188,-1.435133954716843,1.5643751327146183,3,1,1,3,0.0,-1.7433064124419342,-1.4188016022375824,-1.6348556881923137
5,1.2021293380367601,1.750158874151199,-0.6286658300482503,3,1,1,0,0.0,1.0776652670594162,-0.5731728666280222,0.8398206333241749
3,1.2021293380367601,-0.24064914389132716,-1.039861010566288,3,1,1,0,0.0,-1.1828901636124245,-0.26940332082652924,-1.5576560802420594
5,-0.04337134739788929,-0.9872021506572745,-0.6286658300482503,3,1,1,3,0.0,-1.680338294595922,1.0770346659692716,-1.6348556881923137
7,-0.6661216901152139,-0.9872021506572745,1.5643751327146183,1,1,1,0,0.0,-0.313930137337455,1.3151243099758485,0.9384645768161666
3,0.5793789953194354,-0.6089486272291945,-0.08040558935753307,3,1,1,0,0.0,-0.3737498492911669,-0.9262023387757021,-0.7685045323061254
3,-0.04337134739788929,-0.7383511484019587,-0.6286658300482503,3,1,1,0,0.0,-1.1828901636124245,-0.26940332082652924,-1.5576560802420594
5,-1.9116223755498634,-1.5097892553934376,0.46785465133318405,3,1,1,2,0.0,-1.7433064124419342,-1.4188016022375824,-1.6348556881923137
7,-0.9774968614738763,-0.9872021506572745,0.1937245309878255,1,1,1,2,0.0,-0.25096201949144276,1.7584636470915391,0.9384645768161666
3,-1.2888720328325387,-0.9872021506572745,0.1937245309878255,3,1,1,2,0.0,0.309454229338067,-0.8769424124295152,0.08498002225502059
1,-0.3547465187565516,-0.365074645018985,1.5643751327146183,1,1,1,2,0.0,-0.3706014433988664,-1.1725019705066422,0.951331178141209
3,-0.3547465187565516,-0.365074645018985,0.1937245309878255,3,1,1,2,0.0,0.309454229338067,-0.8769424124295152,0.08498002225502059
3,0.5793789953194354,2.4967118809171462,1.838505253059977,1,1,1,0,0.0,0.9265417842289873,-0.039523664544320936,0.9384645768161666
3,0.5793789953194354,2.745562883172462,1.9207442891635844,1,1,1,0,0.0,0.9265417842289873,-0.039523664544320936,0.9384645768161666
9,-1.2888720328325387,-0.3899597452445166,1.5643751327146183,1,1,1,3,0.0,1.8647667401345698,-0.7291626333909517,1.804815732702355
9,0.26800382396077305,1.103146268287378,-0.8205569142900012,1,1,1,0,0.0,0.9328385960135881,-1.0575621423655366,1.3759290218676083
5,-1.600247204191201,-1.2360531529125902,0.1937245309878255,3,1,1,2,0.0,-1.7433064124419342,-1.4188016022375824,-1.6348556881923137
1,-0.6661216901152139,-1.0369723511083377,1.3450710364383316,1,1,1,2,0.0,-0.3768982551834673,-1.1725019705066422,0.951331178141209
1,1.5135045093954225,2.745562883172462,-1.1769260707389673,1,1,1,0,0.0,1.5725946733290728,1.2904943468027537,1.3759290218676083
1,0.26800382396077305,-0.48950014614664294,2.1126353734053356,1,1,1,0,0.0,-0.3737498492911669,-1.1725019705066422,0.951331178141209
7,0.8907541666780977,0.6054442637767465,-0.6286658300482503,3,1,1,0,0.0,0.6305916303527294,-0.9262023387757021,0.09355775647171552
5,-0.04337134739788929,-1.0369723511083377,0.1937245309878255,3,1,1,3,0.0,-1.680338294595922,1.0770346659692716,-1.6348556881923137
5,1.8248796807540848,-0.190878943440264,-1.5881212512570053,3,1,1,0,0.0,-1.680338294595922,0.5105455129881122,-1.6348556881923137
5,-0.3547465187565516,-1.186282952461527,0.1937245309878255,3,1,1,2,0.0,-1.680338294595922,1.0770346659692716,-1.6348556881923137
5,-2.2229975469085255,-1.5595594558445007,1.5643751327146183,3,1,1,3,0.0,-1.7433064124419342,-1.4188016022375824,-1.6348556881923137
5,-0.3547465187565516,-0.04156834208707452,1.0161148920239012,1,1,1,0,0.0,0.0009104518926064284,1.6188938557773387,0.30371224478074144
8,0.26800382396077305,0.25705286061930444,0.46785465133318405,1,1,1,0,0.0,-0.4373476483156387,1.7748836225402682,0.8012208293490476
5,1.5135045093954225,1.0533760678363149,-1.2317520948080392,3,1,1,0,0.0,0.4920617710915021,-0.17909345585851852,0.08498002225502059
5,0.5793789953194354,0.5059038628746202,-0.6286658300482503,3,1,1,0,0.0,0.5764390490051587,-0.4746530139356456,0.08498002225502059
5,-0.9774968614738763,0.00820185836398863,-0.08040558935753307,1,1,1,0,0.0,0.0009104518926064284,1.208394469559106,0.30371224478074144
3,-0.6661216901152139,-0.5890405470487693,0.05665947081514621,3,1,1,0,0.0,0.309454229338067,-0.8769424124295152,0.08498002225502059
5,-0.04337134739788929,0.9040654664831255,0.6871587476094709,1,1,1,0,0.0,0.0009104518926064284,1.6188938557773387,0.30371224478074144
3,-0.04337134739788929,-1.0369723511083377,-0.08040558935753307,3,1,1,2,0.0,-1.1828901636124245,-0.26940332082652924,-1.5576560802420594
3,1.5135045093954225,2.053757096902684,-0.5464267939446427,1,1,1,0,0.0,0.9303198712997481,0.9128349114819789,0.9384645768161666
5,0.5793789953194354,0.05796708179500668,1.5643751327146183,1,1,1,0,0.0,-0.002867635178154452,1.4546941012900463,0.30371224478074144
5,-0.04337134739788929,0.10774225926611494,1.5643751327146183,1,1,1,2,0.0,0.0009104518926064284,1.6188938557773387,0.30371224478074144
6,0.8907541666780977,-0.24064914389132716,-1.039861010566288,3,1,1,0,0.0,-0.4398663730294796,1.2987043345271196,-0.764215665197778
8,0.26800382396077305,0.5556690863056383,1.0161148920239012,1,1,1,2,0.0,-0.43671796713717914,1.7748836225402682,0.8012208293490476
5,-0.3547465187565516,-0.7881213488530219,-0.5190137819101068,3,1,1,2,0.0,-0.4335695612448787,-0.4171830998650928,-0.7685045323061254
3,0.26800382396077305,0.6552144642278096,1.0161148920239012,1,1,1,2,0.0,0.9284308277643677,0.9128349114819789,0.9384645768161666
3,-0.04337134739788929,-0.24064914389132716,0.029246458780610357,3,1,1,0,0.0,0.309454229338067,-0.8769424124295152,0.08498002225502059
5,-0.3547465187565516,-0.14110874298920084,0.7419847716785426,1,1,1,2,0.0,0.0009104518926064284,1.208394469559106,0.30371224478074144
3,-0.04337134739788929,-0.3899597452445166,-1.3139911309116465,3,1,1,0,0.0,0.309454229338067,-0.8769424124295152,0.08498002225502059
5,0.8907541666780977,0.20728266016824126,-0.7657308902209295,3,1,0,0,0.0,-0.4398663730294796,-0.7537925965640436,-0.7685045323061254
3,-0.6661216901152139,-1.0917195716045072,-0.9027959503936088,3,1,1,2,0.0,-1.1828901636124245,-0.26940332082652924,-1.5576560802420594
3,-1.9116223755498634,-1.2858233533636534,-0.08040558935753307,3,1,1,2,0.0,0.309454229338067,-0.8769424124295152,0.08498002225502059
1,-0.9774968614738763,-0.7383511484019587,-0.2139069579657227,1,0,1,2,0.0,-0.3768982551834673,-1.1725019705066422,0.951331178141209
5,-0.04337134739788929,-0.3401895447934535,-1.1221000466698956,3,1,1,0,0.0,-0.4373476483156387,-0.7537925965640436,-0.7685045323061254
5,0.26800382396077305,0.754754865129936,-0.9183117152051561,3,1,1,0,0.0,1.0776652670594162,-0.5731728666280222,0.8398206333241749
6,-0.3547465187565516,0.00820185836398863,-0.5053072758928389,1,1,1,2,0.0,0.6179980067835267,-0.7948425351858676,1.217240938858752
5,0.5793789953194354,-0.11622364276366925,-0.7794373962381974,3,1,1,0,0.0,-0.4373476483156387,-0.7537925965640436,-0.7685045323061254
3,-0.6661216901152139,-1.2858233533636534,-1.1769260707389673,3,1,1,0,0.0,-1.1828901636124245,-0.26940332082652924,-1.5576560802420594
3,1.5135045093954225,0.754754865129936,-1.642947275326077,3,1,1,0,0.0,0.495839858162263,-1.0575621423655366,0.08498002225502059
1,1.2021293380367601,2.745562883172462,-0.7657308902209295,1,1,1,0,0.0,1.5725946733290728,1.2904943468027537,1.3759290218676083
5,1.2021293380367601,-0.11622364276366925,-0.35453570970289167,0,1,1,0,0.0,-0.7735973976133446,0.4202356480201015,0.08069115514667312
5,0.5793789953194354,0.9538356669341885,-0.6286658300482503,3,1,1,2,0.0,1.0776652670594162,-0.5731728666280222,0.8398206333241749
3,1.5135045093954225,0.10774225926611494,-0.9027959503936088,3,1,1,0,0.0,-0.3768982551834673,-0.9262023387757021,-0.3910842267715483
7,1.5135045093954225,0.6552144642278096,-1.1769260707389673,3,1,1,0,0.0,0.6186276879619871,-0.9262023387757021,0.09355775647171552
5,-0.3547465187565516,-0.24064914389132716,1.2902450123692597,1,1,1,3,0.0,0.0009104518926064284,1.208394469559106,0.30371224478074144
6,0.8907541666780977,-0.365074645018985,-1.272871612859843,3,1,1,2,0.0,-0.4398663730294796,1.2987043345271196,-0.764215665197778
5,-0.6661216901152139,-1.0867425515594007,0.46785465133318405,3,1,1,3,0.0,-1.7433064124419342,-1.4188016022375824,-1.6348556881923137
5,1.8248796807540848,1.5013078718958832,-1.1769260707389673,3,1,1,0,0.0,0.9139481606597847,1.503954027636236,0.08498002225502059
9,1.2021293380367601,2.4220565802405516,0.33078959116050477,1,1,0,0,0.0,2.1733105175800302,0.05899618814805572,1.3759290218676083
5,-0.9774968614738763,-1.186282952461527,2.1126353734053356,1,1,1,0,0.0,-0.005386359891994443,-0.26940332082652924,0.30371224478074144
3,-0.6661216901152139,-0.48950014614664294,1.5643751327146183,1,1,1,2,0.0,1.008400337428803,1.2904943468027537,0.9384645768161666
9,1.2021293380367601,2.745562883172462,0.33078959116050477,1,1,0,0,0.0,2.1733105175800302,0.05899618814805572,1.3759290218676083
6,-0.6661216901152139,0.8542952660320623,1.0161148920239012,1,1,1,2,0.0,0.2527829232766556,0.3052958198789959,1.217240938858752
9,0.26800382396077305,0.18239258292266458,-0.35453570970289167,1,1,1,0,0.0,0.9328385960135881,-1.0575621423655366,1.3759290218676083
5,0.26800382396077305,-0.6885809479508955,-1.039861010566288,3,1,1,0,0.0,-1.680338294595922,1.0770346659692716,-1.6348556881923137
5,-0.3547465187565516,0.25705286061930444,-1.0667531753721677,1,1,1,0,0.0,0.0009104518926064284,1.208394469559106,0.30371224478074144
5,-0.9774968614738763,-0.9374319502062113,1.0161148920239012,1,1,1,2,0.0,-0.005386359891994443,-0.26940332082652924,0.30371224478074144
5,0.26800382396077305,0.7049846646788728,0.8242238077821502,3,1,1,2,0.0,0.5764390490051587,-0.4746530139356456,0.08498002225502059
3,1.5135045093954225,2.9446436849767146,-1.1878912755527817,1,1,1,0,0.0,0.9265417842289873,0.5515954516099361,0.9384645768161666
1,0.8907541666780977,2.39717148001502,-0.8205569142900012,1,1,1,0,0.0,1.5725946733290728,1.2904943468027537,1.3759290218676083
5,-0.6661216901152139,-1.1365127520104639,0.7419847716785426,3,1,1,3,0.0,-0.4335695612448787,-0.4171830998650928,-0.7685045323061254
1,0.8907541666780977,2.4967118809171462,-0.7657308902209295,1,1,1,0,0.0,1.5725946733290728,1.2904943468027537,1.3759290218676083
5,-0.3547465187565516,-0.04156834208707452,1.5643751327146183,1,1,1,0,0.0,0.0009104518926064284,1.208394469559106,0.30371224478074144
5,-0.04337134739788929,0.23216776039377282,0.46785465133318405,1,1,1,2,0.0,0.0009104518926064284,1.6188938557773387,0.30371224478074144
5,-0.04337134739788929,0.30681808405032246,0.1937245309878255,1,1,1,1,0.0,0.0009104518926064284,1.6188938557773387,0.30371224478074144
5,-1.600247204191201,-0.9872021506572745,1.5643751327146183,1,1,1,2,0.0,-0.005386359891994443,-0.26940332082652924,0.30371224478074144
5,-1.9116223755498634,-1.3405705738598228,-0.08040558935753307,3,1,1,0,0.0,-1.7433064124419342,-1.4188016022375824,-1.6348556881923137
1,-0.04337134739788929,0.8542952660320623,-0.4093617337719634,1,1,1,0,0.0,1.5725946733290728,0.2231959426353482,1.3759290218676083
5,0.26800382396077305,1.2524568696405676,-0.35453570970289167,3,1,1,0,0.0,0.5739203242913179,-0.02310368909559198,0.08498002225502059
5,-1.2888720328325387,-0.43475292565047347,0.851636819816686,1,1,1,2,0.0,0.06387856973861872,-0.26940332082652924,0.30371224478074144
5,1.2021293380367601,0.20728266016824126,-1.1769260707389673,3,1,1,0,0.0,-0.4373476483156387,-0.7537925965640436,-0.7685045323061254
5,1.2021293380367601,0.20728266016824126,-1.2591651068425749,3,1,1,0,0.0,-0.4373476483156387,-0.7537925965640436,-0.7685045323061254
7,-1.2888720328325387,-0.9872021506572745,-0.08040558935753307,1,1,1,0,0.0,-0.313930137337455,1.3151243099758485,0.9384645768161666
3,0.5793789953194354,1.750158874151199,-0.6286658300482503,1,1,1,0,0.0,0.9284308277643677,-0.1955134313072475,0.9384645768161666
6,0.8907541666780977,-0.24064914389132716,-0.9027959503936088,3,1,1,0,0.0,-0.4398663730294796,1.2987043345271196,-0.764215665197778
3,-0.6661216901152139,-0.7134710251964722,0.7419847716785426,1,1,1,0,0.0,1.008400337428803,1.2904943468027537,0.9384645768161666
9,-0.3547465187565516,-0.5890405470487693,0.46785465133318405,1,1,1,2,0.0,-0.005386359891994443,0.5269654884368412,0.09355775647171552
5,0.8907541666780977,1.6257333730235413,-0.7657308902209295,3,1,0,0,0.0,0.4920617710915021,-0.17909345585851852,0.08498002225502059
3,0.26800382396077305,-0.554201406733025,1.0161148920239012,3,1,1,2,0.0,-0.3737498492911669,-1.3284917372695717,-0.3910842267715483
5,-0.3547465187565516,-0.7881213488530219,1.2605293073238228,3,1,1,2,0.0,-0.4373476483156387,-0.7537925965640436,-0.7685045323061254
3,-0.3547465187565516,-0.5392703465977061,-0.6286658300482503,3,1,1,2,0.0,-1.1828901636124245,-0.26940332082652924,-1.5576560802420594
3,-0.04337134739788929,-0.8378965263241301,0.46785465133318405,3,1,1,0,0.0,-1.1828901636124245,-0.26940332082652924,-1.5576560802420594
3,-0.6661216901152139,-0.3401895447934535,0.7419847716785426,1,1,1,0,0.0,1.008400337428803,1.2904943468027537,0.9384645768161666
5,-1.600247204191201,-0.9872021506572745,0.1937245309878255,1,1,1,0,0.0,-0.005386359891994443,-0.26940332082652924,0.30371224478074144
3,-0.04337134739788929,-0.5890405470487693,-0.08040558935753307,3,1,1,2,0.0,-1.1828901636124245,-0.26940332082652924,-1.5576560802420594
9,-0.9774968614738763,-0.7134710251964722,1.5643751327146183,1,1,1,3,0.0,-0.005386359891994443,0.5269654884368412,0.09355775647171552
5,0.8907541666780977,0.20728266016824126,-0.9027959503936088,3,1,1,0,0.0,-0.4373476483156387,-0.7537925965640436,-0.7685045323061254
5,1.5135045093954225,1.8994694755043886,-1.5278126247810264,3,1,1,0,0.0,1.669565574811932,-0.26940332082652924,-0.7685045323061254
9,-0.9774968614738763,-0.3899597452445166,0.3856156152295765,1,1,1,2,0.0,-0.005386359891994443,0.5269654884368412,0.09355775647171552
5,1.2021293380367601,0.36654730161164334,-0.9027959503936088,3,1,0,0,0.0,-0.4398663730294796,-0.7537925965640436,-0.7685045323061254
7,1.2021293380367601,0.6303293640022781,1.2902450123692597,1,1,1,2,0.0,0.9265417842289873,-0.638852768422941,0.30371224478074144
7,-0.3547465187565516,-0.365074645018985,1.0161148920239012,1,1,1,0,0.0,0.9328385960135881,0.7157952060972286,0.30371224478074144
1,-0.04337134739788929,-0.43972994569557977,0.7419847716785426,1,1,1,2,0.0,-0.4398663730294796,-1.4352215776863113,0.951331178141209
1,-0.04337134739788929,-0.3401895447934535,1.0161148920239012,1,1,1,2,0.0,-0.4398663730294796,-1.4352215776863113,0.951331178141209
1,-0.6661216901152139,-0.7383511484019587,0.46785465133318405,1,1,1,2,0.0,-0.3768982551834673,-1.1725019705066422,0.951331178141209
5,0.26800382396077305,-0.5890405470487693,1.2902450123692597,3,1,1,0,0.0,-0.4373476483156387,-0.7537925965640436,-0.7685045323061254
7,-0.9774968614738763,-1.2211220927772712,-0.35453570970289167,1,1,1,2,0.0,-0.25096201949144276,1.7584636470915391,0.9384645768161666
5,-0.6661216901152139,-0.8130064490785535,0.46785465133318405,3,1,1,3,0.0,-0.4335695612448787,-0.4171830998650928,-0.7685045323061254
5,0.5793789953194354,0.5059038628746202,-1.3139911309116465,3,1,1,0,0.0,0.4920617710915021,-0.8441024615320573,0.08498002225502059
9,0.5793789953194354,0.9588126869792949,-0.08040558935753307,1,0,1,0,0.0,2.1733105175800302,0.05078620042368978,1.3759290218676083
3,0.26800382396077305,0.928950566708657,0.24855055505689722,1,0,1,0,0.0,0.9284308277643677,0.9128349114819789,0.9384645768161666
3,-0.04337134739788929,0.43124358517798034,0.19646583219127908,1,0,1,0,0.0,0.9284308277643677,0.9128349114819789,0.9384645768161666
1,-0.9774968614738763,-1.012087250882806,0.39644375498321816,1,0,1,2,0.0,-0.3768982551834673,-1.1725019705066422,0.951331178141209
9,0.26800382396077305,1.2574338896856738,0.16631151895328963,1,0,0,0,0.0,2.1796073293646314,0.592645390231757,1.3759290218676083
5,-0.9774968614738763,-0.6139256472743008,2.7979606742687317,1,1,1,0,0.0,-0.005386359891994443,-0.26940332082652924,0.30371224478074144
9,-0.9774968614738763,0.00820185836398863,1.0161148920239012,1,1,1,2,0.0,1.8647667401345698,-0.7291626333909517,1.804815732702355
5,0.5793789953194354,0.5059038628746202,-0.6286658300482503,3,1,1,0,0.0,0.4920617710915021,-0.8441024615320573,0.08498002225502059
3,1.8248796807540848,1.874584375278857,-1.6703602873606127,3,0,1,0,0.0,0.495839858162263,-0.5978028298011171,0.08498002225502059
5,0.5793789953194354,0.18239258292266458,-1.451056191084326,3,0,0,0,0.0,-0.4373476483156387,1.3725942240464015,-0.7685045323061254
3,-0.3547465187565516,-0.190878943440264,2.222287421543479,1,1,1,0,0.0,0.9328385960135881,0.3873956971226407,0.9384645768161666
3,-0.3547465187565516,-0.24064914389132716,2.222287421543479,1,1,1,0,0.0,0.9328385960135881,0.3873956971226407,0.9384645768161666
9,-0.9774968614738763,-0.7881213488530219,1.2902450123692597,1,1,1,0,0.0,1.8647667401345698,-0.7291626333909517,1.804815732702355
5,1.2021293380367601,0.7298697649044044,-1.451056191084326,3,0,0,0,0.0,-0.4373476483156387,1.3725942240464015,-0.7685045323061254
5,1.2021293380367601,1.874584375278857,-1.1454833459353548,3,0,0,0,0.0,0.5739203242913179,-0.02310368909559198,0.08498002225502059
5,0.8907541666780977,1.103146268287378,-0.7109048661518578,3,0,1,0,0.0,0.4920617710915021,-0.343293210345811,0.08498002225502059
5,1.2021293380367601,1.874584375278857,-1.2591651068425749,3,0,1,0,0.0,0.4920617710915021,-0.343293210345811,0.08498002225502059
5,0.8907541666780977,-0.09133854253813768,-0.35453570970289167,3,1,1,0,0.0,-0.4373476483156387,1.3725942240464015,-0.7685045323061254
5,0.5793789953194354,-0.7881213488530219,-0.7657308902209295,3,1,1,2,0.0,-1.680338294595922,1.0770346659692716,-1.6348556881923137
5,0.26800382396077305,0.10774225926611494,-0.7383178781863936,3,1,1,0,0.0,0.5745500054697783,-0.8441024615320573,0.08498002225502059
5,-0.6661216901152139,-1.435133954716843,0.46785465133318405,3,1,1,0,0.0,-0.4335695612448787,-0.4171830998650928,-0.7685045323061254
5,-2.2229975469085255,-1.3853637542657797,1.5643751327146183,3,1,1,2,0.0,-1.7433064124419342,-1.4188016022375824,-1.6348556881923137
8,1.2021293380367601,1.3271121703171622,0.1937245309878255,1,1,1,0,0.0,-0.4373476483156387,1.7748836225402682,0.8012208293490476
3,-0.6661216901152139,-0.2904193443423903,0.8156161220033059,1,0,1,2,0.0,0.9303198712997481,0.3873956971226407,0.9384645768161666
7,-0.6661216901152139,-0.6388107474998324,0.46785465133318405,1,1,1,0,0.0,0.9303198712997481,-0.33508322262144796,0.30371224478074144
3,-0.04337134739788929,-0.7383511484019587,0.46785465133318405,3,1,1,2,0.0,-1.1828901636124245,-0.26940332082652924,-1.5576560802420594
3,-1.2888720328325387,-0.24064914389132716,0.7419847716785426,1,1,1,2,0.0,1.008400337428803,1.2904943468027537,0.9384645768161666
5,1.2021293380367601,1.0036058673852517,-1.039861010566288,3,1,1,0,0.0,0.4920617710915021,-0.17909345585851852,0.08498002225502059
1,1.2021293380367601,1.45153767144482,-1.3688171549807184,3,1,1,0,0.0,1.318833158409644,-0.8441024615320573,0.07211342092997819
3,1.2021293380367601,-0.24064914389132716,-1.451056191084326,3,1,1,2,0.0,-0.3737498492911669,-0.9262023387757021,-0.7685045323061254
5,-0.6661216901152139,-0.8876617497551482,-1.3688171549807184,3,1,1,0,0.0,-0.4335695612448787,-0.4171830998650928,-0.7685045323061254
3,-0.3547465187565516,-0.9971561907474871,-0.3682422157201596,3,1,1,2,0.0,-1.1828901636124245,-0.26940332082652924,-1.5576560802420594
3,-0.9774968614738763,-0.24064914389132716,-0.35453570970289167,1,1,1,0,0.0,1.008400337428803,1.2904943468027537,0.9384645768161666
5,-0.04337134739788929,-0.11622364276366925,1.2902450123692597,1,1,1,3,0.0,-0.002867635178154452,1.4546941012900463,0.30371224478074144
8,1.2021293380367601,1.8994694755043886,1.454723084576475,1,1,1,0,0.0,-0.43671796713717914,1.7748836225402682,0.8012208293490476
5,1.8248796807540848,0.23216776039377282,-1.6977732993951486,3,1,1,0,0.0,0.4920617710915021,-0.17909345585851852,0.08498002225502059
5,-0.3547465187565516,-0.48950014614664294,1.5643751327146183,1,1,1,2,0.0,-0.002867635178154452,1.4546941012900463,0.30371224478074144
9,0.8907541666780977,1.750158874151199,-0.35453570970289167,1,1,1,0,0.0,2.1796073293646314,0.6911652429241337,1.3759290218676083
3,0.8907541666780977,-0.7134710251964722,-0.7931439022554654,3,1,1,0,0.0,-1.1828901636124245,-0.26940332082652924,-1.5576560802420594
9,0.8907541666780977,1.277341969866099,-0.35453570970289167,1,1,0,0,0.0,2.1729956769908005,0.46949557436628836,1.3759290218676083
1,-0.9774968614738763,-0.9374319502062113,0.5775066994713275,1,1,1,2,0.0,-0.3768982551834673,-1.1725019705066422,0.951331178141209
3,1.5135045093954225,0.1575124597171781,-1.218045588790771,3,1,1,0,0.0,-0.3768982551834673,-0.9262023387757021,-0.3910842267715483
7,-0.6661216901152139,-1.2111680526870587,-0.35453570970289167,1,1,1,0,0.0,-0.313930137337455,1.3151243099758485,0.9384645768161666
3,-1.9116223755498634,-0.7383511484019587,1.0161148920239012,3,1,1,2,0.0,-0.3737498492911669,-1.3284917372695717,-0.3910842267715483
5,-2.84574788962585,-1.3604786540402483,0.1937245309878255,3,1,1,1,0.0,-1.7433064124419342,-1.4188016022375824,-1.6348556881923137
3,1.8248796807540848,0.5059038628746202,-1.6977732993951486,3,1,1,0,0.0,-0.37249048693424686,-0.9262023387757021,-0.3910842267715483
5,-0.3547465187565516,0.3565932615214307,2.386765493750694,1,1,1,0,0.0,0.0009104518926064284,1.6188938557773387,0.30371224478074144
1,-0.3547465187565516,-0.6139256472743008,1.1339908437724053,1,1,1,0,0.0,-0.3706014433988664,-1.1725019705066422,0.951331178141209
9,1.8248796807540848,1.999009876406515,-1.039861010566288,1,1,1,0,0.0,2.180866691721552,0.19035599173789028,1.3759290218676083
5,-0.3547465187565516,0.05796708179500668,1.0161148920239012,1,1,1,3,0.0,0.0009104518926064284,1.208394469559106,0.30371224478074144
9,-0.3547465187565516,-0.365074645018985,2.523830553923373,1,1,1,2,0.0,1.8647667401345698,-0.7291626333909517,1.804815732702355
5,-0.6661216901152139,1.1280313685129095,1.0161148920239012,1,1,1,2,0.0,0.0009104518926064284,1.6188938557773387,0.30371224478074144
5,0.26800382396077305,-0.3401895447934535,0.5775066994713275,3,1,1,2,0.0,-0.4373476483156387,1.3725942240464015,-0.7685045323061254
3,-0.9774968614738763,-0.48950014614664294,-0.9027959503936088,3,1,1,0,0.0,-0.3737498492911669,-1.3284917372695717,-0.3910842267715483
5,0.5793789953194354,1.2524568696405676,-0.7657308902209295,3,1,1,2,0.0,0.5739203242913179,-0.02310368909559198,0.08498002225502059
4,0.26800382396077305,-0.09133854253813768,1.5643751327146183,1,1,1,2,0.0,-0.5658026087215042,-0.32687323489708203,1.217240938858752
6,-0.6661216901152139,-0.8876617497551482,0.33078959116050477,1,1,1,0,0.0,-0.6841826702720074,1.3561742485976696,1.217240938858752
5,0.26800382396077305,0.3814783617469623,-0.3271226976683558,3,0,1,0,0.0,0.4920617710915021,0.46949557436628836,0.08498002225502059
5,0.8907541666780977,0.6303293640022781,-0.9302089624281447,3,0,1,0,0.0,0.4920617710915021,-0.4418130630381877,0.08498002225502059
5,0.26800382396077305,-0.1659938432147324,-0.9576219744626805,3,0,1,0,0.0,0.4920617710915021,-0.7455826088396806,0.08498002225502059
9,-0.3547465187565516,-0.365074645018985,1.5643751327146183,1,1,1,0,0.0,-0.005386359891994443,0.5269654884368412,0.09355775647171552
9,-0.3547465187565516,-0.190878943440264,0.46785465133318405,1,1,1,0,0.0,-0.005386359891994443,0.5269654884368412,0.09355775647171552
5,-1.2888720328325387,-1.246007193002803,1.5643751327146183,3,1,1,0,0.0,-0.4335695612448787,-0.4171830998650928,-0.7685045323061254
8,-0.04337134739788929,0.1624845027422393,1.5643751327146183,1,1,1,0,0.0,-0.4373476483156387,1.7748836225402682,0.8012208293490476
6,1.5135045093954225,-0.48950014614664294,-0.7657308902209295,3,1,1,0,0.0,-0.4398663730294796,1.2987043345271196,-0.764215665197778
1,-1.2888720328325387,-0.6885809479508955,0.1937245309878255,1,1,1,0,0.0,-0.3768982551834673,-1.1725019705066422,0.951331178141209
1,0.8907541666780977,2.665930562450761,1.043527904058437,1,1,1,0,0.0,1.549296469726049,1.1016646291423664,1.3759290218676083
5,-0.9774968614738763,-0.24064914389132716,1.5095491086455466,1,1,1,2,0.0,-0.005386359891994443,-0.26940332082652924,0.30371224478074144
7,1.2021293380367601,2.894873484525651,-1.1769260707389673,1,1,1,0,0.0,2.1733105175800302,0.05899618814805572,1.3716401547592607
7,1.2021293380367601,2.8450983070545433,-1.1256363252223507,1,1,1,0,0.0,2.1733105175800302,0.05899618814805572,1.3716401547592607
5,0.26800382396077305,-0.7383511484019587,0.1937245309878255,3,1,1,0,0.0,-1.680338294595922,1.0770346659692716,-1.6348556881923137
7,1.2021293380367601,2.745562883172462,-1.3414041429461825,1,1,1,0,0.0,2.1733105175800302,0.05899618814805572,1.3716401547592607
5,-0.6661216901152139,-0.7383511484019587,0.7145717596440068,1,1,1,2,0.0,-0.002867635178154452,1.4546941012900463,0.30371224478074144
5,-0.9774968614738763,-0.7383511484019587,0.7419847716785426,1,1,1,3,0.0,-0.005386359891994443,-0.26940332082652924,0.30371224478074144
5,0.8907541666780977,0.754754865129936,-0.46418775784103505,3,1,1,0,0.0,0.5739203242913179,-0.02310368909559198,0.08498002225502059
8,-0.6661216901152139,0.39142742481712983,0.7419847716785426,1,1,1,1,0.0,0.8320896074599688,0.0015262740775029149,0.8012208293490476
5,-0.9774968614738763,-0.8627766495296166,0.7419847716785426,3,1,1,0,0.0,-1.7433064124419342,-1.4188016022375824,-1.6348556881923137
5,-1.2888720328325387,-1.0369723511083377,0.46785465133318405,3,1,1,0,0.0,-1.7433064124419342,-1.4188016022375824,-1.6348556881923137
5,1.2021293380367601,0.1575124597171781,-1.3414041429461825,3,1,1,0,0.0,-0.4373476483156387,-0.7537925965640436,-0.7685045323061254
5,0.26800382396077305,-0.4247988855602608,0.14446334836176455,3,0,1,0,0.0,-0.43671796713717914,0.29708583215462997,-0.7685045323061254
6,0.5793789953194354,1.0036058673852517,0.7419847716785426,1,1,1,2,0.0,0.6179980067835267,-1.279231810923382,1.217240938858752
3,-0.04337134739788929,-0.5392703465977061,-0.8753829383590729,3,1,1,0,0.0,0.309454229338067,-0.8769424124295152,0.08498002225502059
5,0.26800382396077305,-0.09133854253813768,-1.1769260707389673,0,1,1,0,0.0,-0.7735973976133446,0.4202356480201015,0.08069115514667312
3,-0.04337134739788929,-1.0867425515594007,-0.025579565288461358,3,1,1,0,0.0,-1.1828901636124245,-0.26940332082652924,-1.5576560802420594
3,-0.3547465187565516,-0.6139256472743008,-1.1769260707389673,3,1,1,0,0.0,-1.1828901636124245,-0.26940332082652924,-1.5576560802420594
5,-0.04337134739788929,-0.365074645018985,0.06225172527019153,3,2,0,0,0.0,-0.4373476483156387,1.3725942240464015,-0.7685045323061254
5,1.2021293380367601,1.277341969866099,-1.2939248061023665,3,0,0,0,0.0,0.4920617710915021,0.46949557436628836,0.08498002225502059
5,1.2021293380367601,0.6303293640022781,-0.8205569142900012,3,0,1,0,0.0,0.4920617710915021,-0.4418130630381877,0.08498002225502059
5,0.8907541666780977,1.103146268287378,0.7419847716785426,3,1,1,0,0.0,0.4920617710915021,0.46949557436628836,0.08498002225502059
7,1.2021293380367601,0.00820185836398863,-1.1221000466698956,3,1,1,0,0.0,0.6305916303527294,-0.9262023387757021,0.09355775647171552
5,0.8907541666780977,0.00820185836398863,0.1937245309878255,3,1,1,0,0.0,-0.4373476483156387,-0.7537925965640436,-0.7685045323061254
6,-0.3547465187565516,0.0032248383188823145,-0.05299257732299722,1,0,1,2,0.0,0.680966124629539,0.17393601628916133,1.217240938858752
9,-0.9774968614738763,-0.1659938432147324,0.05665947081514621,1,0,1,2,0.0,1.8647667401345698,-0.7291626333909517,1.804815732702355
3,0.5793789953194354,-0.5890405470487693,1.0161148920239012,3,1,1,0,0.0,-0.3737498492911669,-0.9262023387757021,-0.7685045323061254
9,0.8907541666780977,1.2524568696405676,-0.38030394101535536,1,1,1,0,0.0,2.1729956769908005,0.46949557436628836,1.3759290218676083
5,-0.3547465187565516,-0.8130064490785535,-1.2317520948080392,3,1,1,0,0.0,-1.680338294595922,1.0770346659692716,-1.6348556881923137
1,1.2021293380367601,1.999009876406515,-0.7064913712142975,1,0,1,0,0.0,0.9983254385734414,1.0441947150718136,1.3759290218676083
9,-0.04337134739788929,-0.03659132204196821,1.5643751327146183,1,1,1,2,0.0,0.9328385960135881,-1.0575621423655366,1.3759290218676083
5,-0.6661216901152139,-0.14110874298920084,0.13889850691875377,1,1,1,0,0.0,0.0009104518926064284,1.6188938557773387,0.30371224478074144
3,-0.6661216901152139,-0.7383511484019587,-1.039861010566288,3,1,1,0,0.0,-1.1828901636124245,-0.26940332082652924,-1.5576560802420594
1,1.2021293380367601,2.621137382044804,-0.3353740142907511,1,0,1,0,0.0,1.549296469726049,1.1016646291423664,1.3759290218676083
3,0.5793789953194354,1.5013078718958832,1.3176580244037956,1,1,1,2,0.0,0.9284308277643677,-0.1955134313072475,0.9384645768161666
5,1.2021293380367601,1.5013078718958832,-0.4093617337719634,3,1,1,2,0.0,1.669565574811932,-0.26940332082652924,-0.7685045323061254
1,-0.9774968614738763,-1.0867425515594007,0.7419847716785426,1,1,1,3,0.0,-0.3768982551834673,-1.1725019705066422,0.951331178141209
8,-0.04337134739788929,-0.3899597452445166,0.7419847716785426,1,1,1,3,0.0,-0.43608828595871874,1.7748836225402682,0.8012208293490476
7,1.5135045093954225,1.2524568696405676,-1.1769260707389673,3,1,1,0,0.0,0.6186276879619871,-0.9262023387757021,0.09355775647171552
5,-1.2888720328325387,-0.9872021506572745,0.1937245309878255,1,1,1,2,0.0,-0.005386359891994443,-0.26940332082652924,0.30371224478074144
5,-1.9116223755498634,-1.4102538315113564,1.0161148920239012,3,1,1,2,0.0,-1.7433064124419342,-1.4188016022375824,-1.6348556881923137
7,1.2021293380367601,2.2478608786618306,-1.464762697101594,1,1,1,0,0.0,2.1733105175800302,0.05899618814805572,1.3716401547592607
3,-0.04337134739788929,1.0036058673852517,1.0161148920239012,1,1,1,1,0.0,0.9284308277643677,0.9128349114819789,0.9384645768161666
1,1.2021293380367601,2.9446436849767146,-0.08040558935753307,1,1,1,0,0.0,1.5725946733290728,1.2904943468027537,1.3759290218676083
5,0.8907541666780977,1.7252737739256674,-1.451056191084326,3,1,0,0,0.0,0.5739203242913179,-0.02310368909559198,0.08498002225502059
5,1.5135045093954225,0.7049846646788728,-1.5881212512570053,3,1,0,0,0.0,0.4920617710915021,-0.7455826088396806,0.08498002225502059
7,0.8907541666780977,1.0036058673852517,-0.9850349864972163,1,1,1,0,0.0,0.0009104518926064284,1.24944440818093,0.30371224478074144
3,1.2021293380367601,1.2026866691895044,-1.1769260707389673,3,1,1,0,0.0,0.495839858162263,-1.0575621423655366,0.08498002225502059
5,0.5793789953194354,0.5059038628746202,1.0161148920239012,3,1,1,0,0.0,0.4920617710915021,-0.8441024615320573,0.08498002225502059
3,-0.6661216901152139,-0.48950014614664294,-0.49160076987557094,3,1,1,0,0.0,0.309454229338067,-0.8769424124295152,0.08498002225502059
3,0.8907541666780977,-0.24064914389132716,-1.0052383763666692,3,1,1,0,0.0,-1.1828901636124245,-0.26940332082652924,-1.5576560802420594
5,0.8907541666780977,1.1280313685129095,-1.039861010566288,3,1,1,0,0.0,0.4920617710915021,0.46949557436628836,0.08498002225502059
5,1.5135045093954225,0.3814783617469623,-1.5881212512570053,3,1,0,0,0.0,-0.4398663730294796,0.2231959426353482,-0.7685045323061254
1,-0.04337134739788929,0.754754865129936,1.1531799521965804,1,0,1,0,0.0,1.5725946733290728,0.2231959426353482,1.3759290218676083
5,-0.04337134739788929,0.6552144642278096,0.7419847716785426,1,1,1,0,0.0,0.0009104518926064284,1.208394469559106,0.30371224478074144
3,-0.6661216901152139,-1.0369723511083377,0.05665947081514621,3,1,1,0,0.0,-1.1828901636124245,-0.26940332082652924,-1.5576560802420594
5,-1.600247204191201,-1.3355935538147166,-0.08040558935753307,3,1,1,0,0.0,-1.7433064124419342,-1.4188016022375824,-1.6348556881923137
5,0.26800382396077305,0.5059038628746202,1.4821360966110109,3,1,1,0,0.0,0.5764390490051587,-0.4746530139356456,0.08498002225502059
5,0.5793789953194354,-0.7283971083117461,-0.9027959503936088,3,1,1,0,0.0,-1.680338294595922,1.0770346659692716,-1.6348556881923137
5,0.26800382396077305,-0.24064914389132716,-0.4544013125447058,3,1,1,2,0.0,-0.4373476483156387,-0.7537925965640436,-0.7685045323061254
3,-0.6661216901152139,-0.190878943440264,0.7419847716785426,1,1,1,2,0.0,0.9303198712997481,0.3873956971226407,0.9384645768161666
3,-0.9774968614738763,-0.6388107474998324,-0.08040558935753307,3,1,1,2,0.0,-0.3737498492911669,-1.3284917372695717,-0.3910842267715483
3,0.26800382396077305,1.2524568696405676,0.1937245309878255,1,1,1,0,0.0,0.9284308277643677,0.9128349114819789,0.9384645768161666
1,-0.9774968614738763,-0.9872021506572745,2.9350257344414112,1,1,1,2,0.0,-0.3768982551834673,-1.1725019705066422,0.951331178141209
5,-0.6661216901152139,0.08783417908568968,0.7419847716785426,1,1,1,2,0.0,0.0009104518926064284,1.208394469559106,0.30371224478074144
7,-0.3547465187565516,-1.0369723511083377,1.5643751327146183,1,1,1,2,0.0,0.0009104518926064284,0.7157952060972286,0.30371224478074144
3,-0.6661216901152139,-1.012087250882806,-0.7657308902209295,3,1,1,2,0.0,-1.1828901636124245,-0.26940332082652924,-1.5576560802420594
3,-0.6661216901152139,-0.8876617497551482,0.11148549488421793,3,1,1,2,0.0,0.309454229338067,-0.8769424124295152,0.08498002225502059
5,0.5793789953194354,-0.3899597452445166,-0.44398436797158214,3,1,1,0,0.0,-1.680338294595922,1.0770346659692716,-1.6348556881923137
5,1.2021293380367601,0.16746649980739073,-0.9027959503936088,3,1,1,0,0.0,-0.4373476483156387,-0.7537925965640436,-0.7685045323061254
5,-0.9774968614738763,-1.310708453589185,1.2915608369469176,3,1,1,3,0.0,-0.4335695612448787,-0.4171830998650928,-0.7685045323061254
5,-2.534372718267188,-1.3853637542657797,0.1937245309878255,3,1,1,3,0.0,-1.7433064124419342,-1.4188016022375824,-1.6348556881923137
6,0.8907541666780977,1.750158874151199,-1.1722384456810617,1,0,0,0,0.0,2.1733105175800302,-1.279231810923382,1.217240938858752
5,1.2021293380367601,0.3565932615214307,-0.9027959503936088,3,1,0,0,0.0,-0.4373476483156387,1.3725942240464015,-0.7685045323061254
5,1.2021293380367601,-0.04156834208707452,-1.039861010566288,3,1,1,2,0.0,-0.4373476483156387,-0.7537925965640436,-0.7685045323061254
3,0.8907541666780977,1.8994694755043886,-0.9576219744626805,1,1,1,0,0.0,0.9284308277643677,0.9128349114819789,0.9384645768161666
1,1.2021293380367601,2.39717148001502,0.05665947081514621,1,1,1,0,0.0,1.5725946733290728,1.2904943468027537,1.3759290218676083
7,1.2021293380367601,1.999009876406515,0.6049197115058633,1,1,1,2,0.0,2.1733105175800302,0.05899618814805572,1.3716401547592607
6,-0.3547465187565516,-0.365074645018985,1.0161148920239012,1,1,1,3,0.0,0.6179980067835267,-0.8030525229102334,1.217240938858752
5,0.8907541666780977,0.13262735949164653,-1.3962301670152542,3,1,1,0,0.0,-0.4373476483156387,1.3725942240464015,-0.7685045323061254
8,-0.04337134739788929,0.13262735949164653,-0.35453570970289167,1,1,1,0,0.0,-0.43608828595871874,1.7748836225402682,0.8012208293490476
5,-0.9774968614738763,-0.9872021506572745,0.27596356709143305,3,1,1,0,0.0,-1.7433064124419342,-1.4188016022375824,-1.6348556881923137
5,0.8907541666780977,-0.190878943440264,0.46785465133318405,3,1,1,0,0.0,-0.4373476483156387,-0.7537925965640436,-0.7685045323061254
3,-0.04337134739788929,0.3814783617469623,0.46785465133318405,1,1,1,2,0.0,0.9284308277643677,0.9128349114819789,0.9384645768161666
